_id,url,content,source,timestamp,title
5efac96de5472784c1b306bf,https://tw.stock.yahoo.com/news/%E5%80%8B%E8%82%A1-%E5%8F%B0%E7%A9%8D%E9%9B%BB%E9%96%8B%E7%99%BC%E5%85%A8%E7%90%83%E9%A6%96%E5%89%B5%E6%99%B6%E5%9C%93%E5%80%89%E5%84%B2%E8%87%AA%E5%8B%95%E5%8C%96%E6%90%AC%E9%81%8B%E7%B3%BB%E7%B5%B1-%E6%9C%89%E6%95%88%E9%99%8D%E4%BD%8E95-%E4%BA%BA%E5%8A%9B%E6%90%AC%E9%81%8B%E9%87%8F-044916262.html,"【財訊快報／記者李純君報導】全球晶圓代工龍頭台積電(2330)宣布成功開發全球首創的「晶圓倉儲自動化搬運系統」，並已於今年第一季於晶圓十八A廠首先啟用，有效降低庫房員工每人每日95%搬運量，且估計可年減2,410公噸碳足跡，更預計將於民國110年年底前，陸續導入台灣廠區的十二吋超大晶圓廠。
台積電製造所需的原物料晶圓，每日由供應商配送至各廠區收貨碼頭，再由台積電庫房員工將盒裝晶圓取出、放上輸送帶分派至無塵室生產。為建構更安全無虞的工作環境、優化日常營運流程效率，台積電自民國107年起，由資材供應鏈管理處攜手風險管理、智能製造中心、製造材料品質可靠性部及新廠規畫部，合力啟動「人因工程—晶圓倉儲自動化」改善計畫，21個月內成功完成晶圓倉儲自動化搬運系統建置。
台積電晶圓倉儲自動化搬運系統以最新啟用的晶圓十八A廠為導入起點，透過輸送帶、自動導引運輸車與機器手臂的建置，民國109年第一次即減省95%非技術性人力負荷，每位庫房員工每日減少1.8公噸搬運量。
此外，考量系統占地面積、各晶圓廠收貨碼頭腹地空間，以及各廠區每日貨物吞吐量，晶圓十二B廠、晶圓十四Ａ／B廠及晶圓十五A／B廠，亦將於民國110年前陸續導入晶圓倉儲自動化搬運系統，而目前興建中的晶圓十八B廠，亦將同步建置晶圓倉儲自動化搬運系統。
台積電的晶圓倉儲自動化搬運系統，是全球第一座半導體晶圓收貨上架的自動化系統。因應系統導入，資材供應鏈管理處亦提出環境友善行動，同步展開各晶圓供應商的包材規格標準化作業，取代一次性的包材使用。透過台積電參與系統開發的各組織與供應商共同合作，經過不斷測試與修正，成功開發出業界第一套可重覆穩定應用於自動化系統的標準化包材，每年成功減少1,717公噸紙箱、288公噸保麗龍盒的使用，相當於減少2,410公噸碳足跡、1,345公噸水足跡，同時節能110萬度。",李純君,2020-06-30T04:49:16.000Z,個股：台積電開發全球首創晶圓倉儲自動化搬運系統，有效降低95%人力搬運量
5efac719e5472784c1ad5a0d,https://tw.stock.yahoo.com/news/%E5%80%8B%E8%82%A1-%E5%8F%B0%E7%A9%8D%E9%9B%BB-%E6%96%B0%E6%80%9D-%E5%BE%AE%E8%BB%9F%E5%90%88%E4%BD%9C-%E5%AE%8C%E6%88%90%E5%9C%A8%E9%9B%B2%E7%AB%AF%E7%92%B0%E5%A2%83%E6%8F%90%E4%BE%9B%E5%8F%AF%E6%93%B4%E5%B1%95%E6%99%82%E5%BA%8F%E7%B0%BD%E6%A0%B8%E6%B5%81%E7%A8%8B-043707820.html,"【財訊快報／記者李純君報導】晶圓代工大廠台積電(2330)、電子設計算動化(EDA)大廠新思科技(Synopsys)、微軟Azure三大廠今日宣布，合作完成用於雲端環境、具備開創性與高度可擴展性的時序簽核流程(timing signoff flow)。這項長達數個月、集合三方合作夥伴的大規模合作案，有效加速新一代系統單晶片的簽核路徑(path)。
台積電設計建構管理處資深處長Suk Lee表示，由於先進的製程技術、加上擴大的元件庫以及待分析的操作條件增加，使得晶片設計的複雜度不斷提高，因此設計簽核的周轉時間就變得非常重要。台積電是第一個與設計生態系合作夥伴和雲端供應商合作，藉由此合作，可加快SoC的上市時程。
採用台積電5奈米(N5)製程以及PrimeTime靜態時序分析和StarRC萃取的的百萬閘極晶片設計，在微軟Azure最新的Edsv4系列運算個體(compute instance)上執行時序簽核。藉由大規模並行處理數百台機器的運作，PrimeTime DMSA和StarRC多角萃取(multi-corner extraction)之向外擴展(scale-out)可大幅提高產出量。此外，在單一機器上執行多個情境，向內擴展(scaling-in)也可節省大量成本。",李純君,2020-06-30T04:37:07.000Z,個股：台積電、新思、微軟合作，完成在雲端環境提供可擴展時序簽核流程
5ee6ba43e5472784c1f1d290,https://tw.stock.yahoo.com/news/%E5%B7%A5%E5%95%86%E6%99%82%E5%A0%B1%E6%99%A8%E8%A8%8A-235602970.html,"◆搶地上權，正夯。
◆疲弱！5月景氣三亮黃藍燈。
◆名軒溢價59%，搶下鳳山地上權。
◆大家都在搶銀行，李長庚籲鬆綁。
◆中華電5G開台，大打總統牌。
◆6月消費者信心指數，首見回升。
◆南僑泰國投50億，搶食全球市場。
◆瑞德西韋，定價每劑390美元。
◆英相強生，擬仿效羅斯福新政，擴大公共支出度危機。
◆Fed首購企業債，巴菲特公司入列。
◆企業杯葛沒效，臉書無大礙。
◆切薩皮克能源聲請破產。
◆阻止仇恨言論散布，星巴克暫停社群媒體廣告投放。
◆電動車與自駕技術領先，特斯拉目標價，喊到7千美元。
◆封殺再起，美施壓歐洲趕走同方威視。
◆港版國安法，傳今拍板通過。
◆中歐談判，邁入關鍵階段。
◆中概股爆雷，金凰珠寶假黃金真詐貸。
◆世紀互聯，擬返港第二上市。
◆中概股回歸助力，花旗：恒指一年內上看28,226點。
◆陸資本帳對外開放重要里程，大灣區跨境理財通，將試點。
◆迎5G換機潮，華碩新機7月問世。
◆諾基亞，拿下台灣大百億獨家合約。
◆台灣大、亞太成三共首例，電信管理法7/1上路。
◆5G戰火熾，友訊急推新品搶市。
◆取得國韶實業100%股權，佳世達，透析事業拓版圖。
◆手機、消費性需求不如預期，集邦：NAND Flash Q3價跌5%內。
◆華建變天，市場派囊括董總。
◆陽明，拚提高自有船至45%。
◆大同決戰，市場派漏夜排隊卡位。
◆聚鼎第三季營運，優於本季。
◆世芯前5個月每股淨利4.9元。
◆宜特、閎康訂單湧，下半年添翼。
◆搭防疫特快車，圓展、圓剛除息行情夯。
◆大量訂單優於去年，可望漸入佳境。
◆真好玩三策略齊發，邁向穩定獲利。
◆偏光片喊漲，誠美材、明基材展望佳。
◆日電貿殖利率逾6%。
◆三商家購回穩，全年展望樂觀。
◆逸達治癌新藥，7月向FDA送件。
◆日成大啖轉單，能見度到Q3。
◆燁聯7月盤價續漲，連三月上調。
◆新昕纖迎遞延訂單，營運現轉機。
◆永道，申請上海A股掛牌。
◆東購高成長，東森國際進補。
◆獲短急單，全球傳動H1拚轉盈。
◆雲端業務靚，是方營運倒吃甘蔗。
◆聯發科可能增加出貨華為？郭明錤：市場預測過於樂觀。
◆研華、統一超，聯手打造未來超商。
◆防疫產能全開，宏遠、聚隆，Q3營運回溫。
◆八貫申請上市，最快年底掛牌。
◆金萬林新冠檢測試劑，下半年搶攻美國市場。",編輯部,2020-06-29T23:41:05.000Z,工商時報晨訊
5eead8f8e5472784c1b14b2e,https://tw.stock.yahoo.com/news/%E5%80%8B%E8%82%A1-%E5%8F%B0%E7%A9%8D%E9%9B%BB-2330-%E4%BB%8A%E6%97%A9%E5%BF%AB%E9%80%9F%E5%A1%AB%E6%81%AF-q3%E7%87%9F%E6%94%B6%E5%8F%AF%E6%9C%9B%E5%AD%A3%E5%A2%9E%E5%80%8B%E4%BD%8D%E6%95%B8%E7%99%BE%E5%88%86%E6%AF%94-023915186.html,"【財訊快報／記者李純君報導】晶圓代工龍頭台積電(2330)今早進行去年第四季股息2.5元的除息，開盤後2分鐘就順利填息，速度甚快；爾後隨大盤上下震盪，股價則在313到315元小幅波動，顯見維持小紅盤；就第三季展望部分，在全力替華為趕工，加上聯發科(2454)、NVIDIA、AMD等客戶追單的前提下，第三季營運將有個位數百分比的季增率。
台積電改為季度發放股息，並宣布年度四季合計配息會超過10元，而去年度第四季的現金股利在今天除息，配發2.5元現金股息，而台積電的除息，將影響大盤21.5點。台積電本次配發金額將達到648.25億元，預計7月16日發放。
昨日大盤資金明顯集中在防疫概念股，半導體類股疲弱，但外資卻在昨日對台積電買超5115張，顯見外資對台積電的填息看法偏多，也對台積電下半年營運前景並不像先前悲觀。
受惠於七奈米訂單強勁，台積電第二季營收目標101億至104億美元，可順利達陣，至於第三季的部分，一來美國加強對華為管制後，台積電先前對華為的接單，以及手上的半成品必須在緩衝期內生產完畢，加上下半年疫情舒緩，安卓陣營與蘋果陣營手機零件都將生產與拉貨，同時AI、高速運算與5G相關的新款晶片訂單強勁，為此，台積電第三季營收將有季增一成內的表現。",李純君,2020-06-18T02:39:15.000Z,個股：台積電(2330)今早快速填息，Q3營收可望季增個位數百分比
5ee89eabe5472784c1e5d72c,https://tw.stock.yahoo.com/news/%E9%9B%86%E4%B8%AD%E5%B8%82%E5%A0%B4-%E5%A4%96%E8%B3%87%E8%BD%89%E8%B3%A3%E8%B6%85156%E5%84%84%E5%85%83-%E6%8A%95%E4%BF%A1%E7%8D%A8%E6%8C%91%E6%A2%81-071553666.html,"【時報編輯李慧蘭綜合報導】外資終止連10日買超、轉賣超156億元，投信獨撐盤，大盤淚別10400關。雖美股上周五止跌反彈，但市場憂心美、中爆發第二波新冠疫情，衝擊道指期貨周一下挫近900點、歐美期油價同步下殺，台股集中市場也跟隨嚇跌，大盤指數開高走低，盤初台積電 (2330) 、大立光 (3008) 雖奮力向高檔挺進，但不敵空軍壓境，盤中華新科 (2492) 、玉晶光 (3406) 股東會釋出審慎看下半年消息，空頭更趁勢座大，10400城池告失，尾盤鴻海 (2317) 、台積電、玉晶光、聯發科 (2454) 等遭空頭再踹一腳，大盤指數再壓低收在11306.26點，下跌123.68點，總成交值縮減至1746.58億元，險守10300關，高低點分別為11469.84點、11299.45點，震盪達197.39點。
今日盤面電子族群僅靠資訊服務股獨撐大局，其餘皆墨；而造紙、生醫、電機族群逆勢揚升，表現相對抗跌。分析師指出，第二波疫情恐將再起，台股今日弱勢整理，近期美國經濟展望不確定使得美股震盪，外加大陸疫情加劇以及端午節長假即將來臨，短線台股雖然仍維持在多方格局，但恐將難脫震盪整理。
今日外資終止連10日來的買超、轉賣超156.2745億元，回吐上周逾半買超金額，自營商賣超24.9899億元，投信則買超12.2152億元，三大法人賣超169.04億元。上周外資買超298.85億元，投信買超18.01億元，自營商賣超9.29億元，三大法人買超307.57億元；6月以來至12日止，外資買超762.27億元，投信買超85.38億元，自營商買超130.25億元，三大法人買超977.91億元。加計今日賣超，外資6月來累計買超606億元，今年來累計賣超6021.18億元。
分析師表示，觀察外資動向，6月以來外資在現貨市場天天買超，新台持續升值，市場資金動能充沛，整體偏多格局不變，端午節連假前，台股將持續高檔震盪整理格局。目前除權息旺季即將來臨，操作上不妨考慮，長期配息穩定的績優股為主。(編輯整理：李慧蘭)",時報資訊,2020-06-15T07:15:53.000Z,《集中市場》外資轉賣超156億元 投信獨挑梁
5ee89f8ce5472784c1e6c48c,https://tw.stock.yahoo.com/news/%E7%86%B1%E9%96%80%E6%97%8F%E7%BE%A4-%E5%8F%B0%E7%A9%8D%E9%9B%BB%E6%93%AC%E8%B5%B4%E7%BE%8E%E8%A8%AD%E5%BB%A0-%E8%A8%AD%E5%82%99%E5%BB%A0%E5%90%8C%E8%A1%8C%E6%90%B6%E5%95%86%E6%A9%9F-045448279.html,【時報記者沈培華台北報導】台積電 (2330) 有意赴美設廠，包括設備廠帆宣 (6196) 、無塵室廠漢唐 (2404) 均表態有意一同赴美，爭取台積電美國廠商機。其他台積電相關供應鏈雖未必一同赴美設廠，但也可望將受惠此商機。台積電日前宣布，擬在美國亞利桑那州設廠，預計2021年動工，2024年量產，初步規劃月產能2萬片。台積電預計2021年至2029年投資約120億美元。台積電美國新廠平均一年投資13.3億美元，僅占今年資本支出150億至160億美元的8%至9%，不過，仍吸引多家半導體設備廠，有意爭取台積電美國廠商機。根據去年台積公司所選出的優良供應商，有三家來自台灣，其中包括無塵室工程廠漢唐。漢唐指出，不僅將配合赴美，並計劃在美國設公司。至於其他台積電的合作夥伴有周邊系統供應商帆宣 (6196) 、設備清洗大廠世禾 (3551) ；再生晶圓廠昇陽半 (8028) ；EUV光罩盒供應商家登 (3680) 等。設備暨廠務系統服務廠帆宣表示，有意爭取台積電美國廠相關訂單。帆宣在美國已有團隊。針對台積電有意赴美設廠，家登表示目前已在美國設有辦公室，雖不會隨台積電赴美設廠，會以在台灣製造後運送至美國方式因應。京鼎 (3413) 除了幫美系設備大廠代工之外，旗下產品也有晶圓廠區所需的環境污染廢水監控設備。公司表示，晶圓廠擴大投資，均有利於半導體設備需求，且越高階製程越需要微污染防治產品。不過，未來是否會到當地設廠，視客戶需求狀況而定。另外，市場點名去年獲得台積電化學材料品質合作優良供應商獎的關東鑫林，與長春石油及勝一化工也將共同赴美。台積電表示，不評論市場揣測。,時報資訊,2020-06-15T04:54:48.000Z,《熱門族群》台積電擬赴美設廠 設備廠同行搶商機
5ee728b4e5472784c1e9a240,https://tw.stock.yahoo.com/news/%E7%9B%A4%E4%B8%AD%E8%A7%A3%E6%9E%90-%E4%B8%AD%E7%BE%8E-%E7%96%AB-%E7%8C%B6%E6%9C%AA%E7%9B%A1-%E5%A4%9A%E7%A9%BA%E5%B0%8D%E5%B3%9910400%E9%97%9C-035239901.html,【時報記者張漢綺台北報導】中美新冠肺炎疫情似增溫，台股力守10400點！大陸北京新冠肺炎本土案例攀升，且美國疫情未止，讓各國解封拚經濟是否引發全球二度疫情疑慮增加，加上美國聯準會對經濟前景看法保守，上週四美股重挫，今天盤前期指續弱，讓上週五拉尾盤的台股今天以平高盤開出，不過盤中台積電 (2330) 及鴻海 (2317) 等權值股走弱，傳產類股亦乏善可陳，讓台股指數一度由紅翻黑，失守10400點。所幸股王—大立光 (3008) 力守紅盤之上，生醫及中小型股續強，中化生 (1762) 、基亞 (3176) 、台耀 (4746) 、合世 (1781) 、優盛 (4121) 、勝一 (1773) 等盤中股價亮燈漲停，在多空激戰下，台股指數在平盤附近震盪，截至11點35分，加權股價指數11424.16點，下跌5.78點，成交量1042.15億元；OTC指數為152.97點，上漲1.11點，成交量302.64億元。今日上市各類股以造紙類股表現最佳，上漲5.08%，其次是生醫類股及化生醫類股，分別上漲3.25%及2.38%，表現較差者為觀光類股、網通類股及半導體類股，其中觀光類股下跌0.78%，網通類股下跌0.59%、半導體類股下跌0.58%；上櫃部分，表現最佳為航運類股，上漲4.59%，表現最差為觀類股，下跌0.48%。就技術面來看，受到美國經濟前景未明，上週美股漲多後重挫影響，台股亦同步拉回，上週加權股價指數收盤為11429.94點，累計一週下跌49.46點，跌幅為0.43%，週K線收黑，為連3紅後首度翻黑。週成交值為10115.70億元，較前一週增加；上櫃收盤指數為 151.86點，累計一週下跌1.53點，跌幅為1%，週K線收黑，為連11紅後首度翻黑。週成交值3195.66億元，較前一週增加；今天台股受到美股盤前期指下跌拖累，指數開高走低，盤中由紅翻黑，失守11400點；全球股市歷經驚驚漲創高後，近期中美新冠肺炎疫情增溫，二度疫情疑慮再起，潑了樂觀期待解封後經濟回升的全球股市一桶冷水，美股在上週四重挫，上週五雖然反彈，但今天盤前指數再度走弱，多頭氣氛受挫，台股亦因美股重挫拉回，上週台股指數連2日回檔下跌，今天盤中指數亦開高走低，失守11400點，修正乖離均線過大後的技術面，由於台股短線指標日KD翻轉向下，多頭攻勢受阻，在國際股市氛圍偏空下，短線指數不排除還有下探空間，不過，6月以來外資於現貨天天買超，加上新台幣持續走升，市場資金充沛，且指數短中期均線多頭排列，指數拉回恰提供進場良機，整體偏多格局不變。台新高股息平衡基金經理人劉宇衡表示，經濟數據，疫情發展，企業獲利，原物料走勢等四面向是目前主要觀察重點，5月份中國PMI保持在50以上，而美國ISM雖為回升，但仍在50榮枯值以下，但在逐步解封下，市場預期美國經濟數據可望隨中國2月觸底模式逐步上揚；企業獲利方面，目前持續面臨下修壓力，市場反映的2020本益比均已遠比年初為高，而原物料在需求逐步回升下，油價及銅價應已過底部，故整體基本面方向為改善，但風險持續存在，因此，在加權指數波段大漲下，追高宜提升風險意識。劉宇衡指出，支撐目前股市的主要力道來自資金行情，在低利率暨低成長環境下，市場追逐高殖利率標的，預期外資回流將是下一波台股資金動能，整體市場本益比已回到近十年平均值以上約一個標準差，評價並不低，但全球低利率環境將突顯台股高殖利率優勢，且中、美貿易及疫情爭端將有利台灣產業面替代性，故價值面及基本面仍有利台股，可以利用短線拉回修正找買點。在類股操作上，隨著除權息旺季來臨，建議以長期配息穩定的績優股為主要核心持股方向，另亦可布局殖利率在市場均值之上且有高度成長之標的，看好半導體及網通二大族群。,時報資訊,2020-06-15T03:52:39.000Z,《盤中解析》中美「疫」猶未盡 多空對峙10400關
5ee728b4e5472784c1e9a253,https://tw.stock.yahoo.com/news/%E5%8D%8A%E5%B0%8E%E9%AB%94-%E5%8F%B0%E7%A9%8D%E9%9B%BB%E8%82%A1%E5%83%B9%E5%8F%97%E6%8A%91-%E8%82%A1%E6%81%AF2-5%E5%85%8318%E6%97%A5%E9%99%A4%E6%81%AF-022746889.html,"【時報記者沈培華台北報導】台積電ADR上周五收高1.74%，但美股電子盤下跌；台積電 (2330) 今早股價開平後下壓，盤中跌1元為315元。去年第4季每股股息2.5元，預計本周四(6月18日)除息，7月16日發放。
台積電ADR上周五收56美元，上漲0.96美元或1.74%，折合台幣每股約333.33元。台積電上周五股價收在316元，外資仍買超4882張。
台積電上周舉行股東會，累計自前周以來，外資持續回補台積電並做多台股；外資上周持續買超台積電5萬2516張，累計連10個交易日共買超台積電達11萬5064張。目前外資對台積電持股比率回升至75.81%。
台積電上周二(9日)股東常會登場，董事長劉德音針對外界關心的華為禁令等議題逐一說明，強調台積電展望不變，並有信心持續穩定成長。此外，即使失去華為訂單，相信有其他客戶可以替補。
針對2020年展望，劉德音表示，台積電今年資本支出計畫不會改變，金額將維持150億至160億美元，今年營運展望也不會改變，營收將成長14%至19%。
至於美國設廠一事，劉德音說，台積電赴美國設廠都是為客戶而做，絕對符合公司利益，並會找下游廠商一同赴美。",時報資訊,2020-06-15T02:27:46.000Z,《半導體》台積電股價受抑 股息2.5元18日除息
5ee728b4e5472784c1e9a294,https://tw.stock.yahoo.com/news/%E5%8F%B0%E5%8C%97%E8%82%A1%E5%B8%82-%E5%A4%96%E8%B3%87%E8%B2%B7%E4%B8%8D%E5%81%9C-14%E6%AA%94%E5%BC%B7%E8%80%85%E6%81%86%E5%BC%B7-234221599.html,"【時報-台北電】外資6月起轉站買方、累積買超逾762億元，法人認為，儘管2020下半年終端需求展望有慮，惟隨各地逐步解封，資本市場最大衝擊時間點已過，包括台積電 （2330） 、英業達 （2356） 等擁5G、伺服器、雲端等色彩的電子股獲外資連日回補，12日多逆勢收紅、抗跌，有機會強者恆強。
外資今年至5月賣超台股6,627億元，但6月起已轉站買方、且天天買超，盤面上電子股與防疫股爭霸。而外資6月起對台積電買不停、累積已逾11萬張，如宣告電子族群重回主流，另有包括英業達、緯創、鴻海、穩懋、華通、敦泰、聯茂、欣銓、先豐、台燿、玉晶光、聯詠、致茂等獲外資連5～15天敲進，累積買超3,052～45,389張不等。
保德信高成長基金經理人葉獻文表示，受到美聯準會（Fed）釋出悲觀預期，市場轉向震盪，台股自6月大漲後受雜音影響短線拉回。但中長期而言，全球央行推出史無前例財政與貨幣政策，在熱錢湧進和經濟活動陸續解封刺激下，預期美股將持續扮演多頭明燈帶動全球股市。在資金行情發酵過程中，投資人可逢低伺機加碼，看好產業如下半年將出新蘋手機、5G、雲端等相關供應鏈。
群益奧斯卡基金經理人朱翡勵表示，6月歐美各國逐步解封，全球經濟由窒息式停擺的谷底走出，進入復甦階段，已見到（1）歐美經濟數據由谷底止穩，不再呈雪崩式下滑；（2）歐美解除封城，民眾開始外出消費，需求力道由谷底回升；（3）終端電子生產訂單已停止砍單，進一步浮現加單需求，有利後續生產製造數據回溫，總體經濟最壞情況已過，後續需求消費、生產訂單數據皆可望由谷底回升，預期台股呈現震盪向上格局的機率較高。(新聞來源：工商時報─記者方歆婷／台北報導)",時報資訊,2020-06-14T23:42:21.000Z,《台北股市》外資買不停 14檔強者恆強
5ee728b4e5472784c1e9a291,https://tw.stock.yahoo.com/news/%E6%9C%9F%E8%B2%A8-%E7%B1%8C%E7%A2%BC%E9%9D%A2%E5%88%A9%E7%A9%BA%E6%96%B9-%E6%B0%B8%E8%B1%90%E6%9C%9F%E8%B2%A8%E6%8F%90%E4%BE%9B-233824278.html,"【時報-台北電】台指期上周五下跌100點至11391點。價差方面，台指期逆價差縮至-38.94點，電子期逆價差縮至-1.02點，金融期逆價差縮至-2.5點。現貨部分，三大法人買超46.91億元。
在台指期淨部位方面，三大法人淨多單減少6012口至8871口，其中外資多單減碼且空單加碼，淨多單減少5639口至35137口；十大交易人中的特定法人全月份台指期淨空單增加5610口至-6794口。
受聯準會悲觀的經濟預測，及市場擔心第二波新冠疫情再度爆發，市場引發拋售潮，恐慌指數VIX飆高，油價暴跌也使能源股重挫。美國上周四四大指數全面下跌，道瓊下跌6.9%，標普500下跌5.89%，那斯達克下跌5.27%，費半指數下跌6.39%。
而台股ADR也無法倖免，台積電上周四ADR大跌4.36%。台股上周五早盤開低，盤中一度重挫近300點，所幸盤中跌幅收斂，月線有所支撐，終場以11429.94點作收。
權值股來看，台積電 (2330) 、大立光 (3008) 、鴻海 (2317) 皆下跌，但尾盤台積電、鴻海都湧入大量，可見市場有意逢低承接。台股上周五跳空下跌，但K線留下長下影線，月線有支撐，雖整體長線依然有利多方，但目前投資人須注意風險，全球經濟衰退的疑慮及疫情的不確定性，是對市場較不利的因素，而本周台股能否回補跳空缺口為目前技術面的觀察重點，投資人宜謹慎操作。
選擇權未平倉量部分，買權未平倉最大量集中在11700點，賣權未平倉最大量集中在10200點。全月份未平倉量put/call ratio值由1.64降至1.56。VIX指數上漲3.03至26.06。整體選擇權籌碼面有利空方。(永豐期貨提供)",時報資訊,2020-06-14T23:38:24.000Z,《期貨》籌碼面利空方(永豐期貨提供)
5ee6f519e5472784c17fe4ee,https://tw.stock.yahoo.com/news/%E5%90%84%E5%A0%B1%E8%A6%81%E8%81%9E-18%E6%97%A5%E9%99%A4%E6%81%AF-%E5%8F%B0%E7%A9%8D%E9%9B%BB%E5%A1%AB%E6%81%AF%E8%B5%B0%E5%8B%A2%E5%82%99%E5%8F%97%E9%97%9C%E6%B3%A8-233558826.html,"【時報-台北電】新冠疫情在中美日等地恐出現第二波疫情，本周台股步入台指期結算、台積電18日除息、股東會旺季等因素，專家仍樂觀看資金行情及外資持續回補效應，最看好蘋果概念、後疫情內需消費商機、股東會及殖利率等題材類股。
權王台積電自2017年近五次除息以來，填息表現強強滾，約在2～32天內完成填息，18日台積電將辦理2019年第四季股息2.5元除息，將配發648.26億元股利，能否快速填息，也攸關台股走勢。
統一投顧董事長黎方國指出，美、台第二季經濟不佳，以及美國可能發生第二波疫情，前者在市場預期中，且歐美第三季GDP將回復成長，台灣則有產業旺季及蘋果四款新機提前拉貨效應，帶動科技股業績成長動能；而即使發生第二波疫情，預期衝擊也較第一波疫情輕。
黎方國表示，之前油國組織相關國家主權基金因油價劇跌有變現及達成預算的釋股壓力，但在全球解封以及經濟走向復甦，操作策略已轉為積極追求績效，加以美國蘋果、亞馬遜等大廠股價及那斯達克指數創高，帶動台股電子股走勢，台灣今年GDP維持正值及高現金殖利率，外資6月來買超762億餘元，將持續回補，短線指數區間介於11,450到11,800點；本周適逢權王台積電除息，指數拉回找買點，看好蘋果概念、股東會概念及殖利率題材、後疫情內需消費股等。
第一金投顧董事長陳奕光表示，上周美國FED會議確認趨近零利率之貨幣政策延續至2022年底，加以維持購債及美國財長表態將再發紓困金，營造資金寬鬆環境，資金持續流入台股在內的新興市場，台股獲外資回補以及持續軋空行情，有利盤勢維持區間高檔震盪走勢，研判上周低檔11,244點到月線11,171點為下方強勁支撐區，上方將挑戰11,800點，拉長觀察則是年線11,038點到12,000點大箱型區間。
陳奕光指出，蘋果確定將推四款新機，將是帶動台股電子股第三季拉貨及業績成長主要動能，因此蘋概股成短線投資組合首選，另看好5G去美化概念股（華為轉單）、遊戲股（暑假旺季）、金融股（股東會旺季）、觀光內需股（後疫情受惠）、原物料股（油價回升）等。（新聞來源：工商時報─記者林燦澤／台北報導）",時報資訊,2020-06-14T23:35:58.000Z,《各報要聞》18日除息 台積電填息走勢備受關注
5ee44d25e5472784c17af243,https://tw.stock.yahoo.com/news/%E5%8F%B0%E5%8C%97%E8%82%A1%E5%B8%82-%E9%9B%99%E7%8E%8B%E4%B8%8B%E5%8D%8A%E5%B9%B4%E7%87%9F%E9%81%8B-%E5%A4%96%E8%B3%87%E5%85%B1%E8%AD%98-%E5%A4%A7%E4%B8%88%E5%A4%AB-031506765.html,"【時報-台北電】台股最大權值股台積電 （2330） 、股王大立光 （3008） 本周相繼舉行股東會後，外資指出，台積電7奈米訂單穩固、有助抵銷華為新禁令衝擊；大立光進入蘋果新iPhone拉貨期，靜待第三季旺季助威，逐漸走出疫情衝擊。
台積電股東會後，外資圈對台積電2020年基本面持正向觀點，除摩根士丹利證券半導體產業分析師詹家鴻外，美銀證券同樣投下對台積電贊成票，強調5G與HPC確實持續推動半導體需求，台積電對其自身競爭力與商業模式依舊具有高度信心，重申現應買進台積電，並把推測合理股價升到360元。
摩根大通半導體產業分析師哈戈谷（Gokul Hariharan）針對2021年5奈米製程提醒，依據先前計畫，華為原本在5奈米製程中是僅次於蘋果的第二大客戶，就算蘋果來年提高下單量，加上超微與聯發科等客戶採5奈米製程的量並不大，無法完全彌補華為5奈米製程訂單消失的衝擊。
所幸，台積電7奈米製程今年底前依舊滿載，6奈米製程有望於2021年下半年放量，首波主要客戶是聯發科與高通，外資認為，將部分抵銷市場對華為新禁令的擔憂。
大立光方面，摩根士丹利證券科技產業分析師蔡昀宸指出，依據公司說法，6月營收與5月相近，就此推算，第二季營收約落在124億元左右，季減6％、年減12％，大摩並認為，此衰退主要是來自華為砍單。
儘管大立光在股東會上，對第三季看法偏保守、對下半年整體景氣更「看不懂」，然仍寄望第三季真有旺季效應出現。外資圈對大立光後市信心度反而較高，摩根大通證券科技產業分析師楊維倫認為，儘管智慧機產業景氣有不確定性，但大立光產業地位領先、財報質量優異，足可度過短線影響。
另外，大摩不否認股王5、6月業績受疫情影響，不過放眼第三季，隨美系大客戶新旗艦機種即將發表，將見到拉貨需求復甦。
雙王間值得留意的差異是，國際機構法人對台積電配息逐年上升有高度興趣，主要是台積電營運穩健成長，現金殖利率還能長期維持在3～4％之間；相對地，大立光雖然配出每股79元的台股新紀錄，但殖利率才1.79％，尤其面對享有評價溢價優勢的高價股王，外資青睞的是成長性，而非現金股利多寡，因此，並無研究機構從現金股利層面探討大立光投資價值。(新聞來源：工商時報─記者簡威瑟／台北報導)",時報資訊,2020-06-13T03:15:06.000Z,《台北股市》雙王下半年營運 外資共識：大丈夫
5f0543a8e5472784c1cdcc04,https://tw.stock.yahoo.com/news/%E5%A4%96%E8%B3%87%E8%A7%80%E9%BB%9E-%E7%BE%8E%E7%B3%BB%E5%A4%96%E8%B3%87%E8%AA%BF%E9%AB%98%E5%8F%B0%E7%A9%8D%E9%9B%BB-2330-%E7%9B%AE%E6%A8%99%E5%83%B9%E8%87%B3375%E5%85%83-%E9%87%8D%E7%94%B3-033217155.html,"【財訊快報／記者劉居全報導】美系外資在最新出爐的報告中指出，看好晶圓代工廠台積電(2330)受惠於5G智慧型手機晶片及處理器委外生產需求增加，將可望抵銷海思半導體相關營收損失，重申「加碼」評等，將目標價由341元調高到375元。
美系外資表示，華為旗下的海思半導體貢獻台積電2019年營收約14%，市場擔心海思貢獻營收比重將在今年第四季和2021年明顯下滑，不過美系外資表示，包括聯發科(2454)與高通5G系統單晶片、AMD中央處理器及繪圖處理器委外生產訂單、中國IC設計廠飛騰(Phytium)的ARM架構處理器訂單等，這些其他客戶與專案將抵銷海思相關營收損失。
美系外資表示，蘋果是台積電今年第四季量產5奈米晶片的唯一客戶，由於iPhone 12的5奈米製程A14處理器以及用於明年新款MacBook的A14X處理器訂單需求強勁，可望降低海思相關營收下滑影響。
美系外資強調，台積電加速生產華為所需的5奈米及7奈米晶片，趕在美國貿易禁令120天緩衝期結束前交貨，加上聯發科及高通5G智慧型手機晶片訂單挹注，預估台積電第三季營收可望季增3%至5%，優於市場預估，預估台積電會維持2020年營收年增15%至20%目標，重申「加碼」評等，目標價調高到375元。預估今年資本支出約150億美元至160億美元。",劉居全,2020-07-08T03:32:17.000Z,外資觀點：美系外資調高台積電(2330)目標價至375元，重申「加碼」評等
5f067dafe5472784c1f11c84,https://tw.stock.yahoo.com/news/%E5%A4%96%E8%B3%87%E8%A7%80%E9%BB%9E-%E7%BE%8E%E7%B3%BB%E5%A4%96%E8%B3%87%E8%AA%BF%E9%AB%98%E5%8F%B0%E7%A9%8D%E9%9B%BB%E7%9B%AE%E6%A8%99%E5%83%B9%E8%87%B3355%E5%85%83-%E9%87%8D%E7%94%B3%E5%8A%A0%E7%A2%BC-%E4%BC%B0%E4%BB%8A%E5%B9%B4eps-16-015522110.html,"【財訊快報／記者劉居全報導】趕在台積電(2330)16日舉行法人說明會前夕，外資法人紛紛調高台積電(2330)，繼日前美系外資將台積電目標價調高至375元後，另一家美系外資在最新出爐的報告中也加入調高目標價行列，將目標價由原先的325元調高至355元，重申「加碼」評等。
美系外資表示，半導體成熟製程庫存修正狀況優於預期，僅16奈米、28奈米、40奈米、65奈米略為下滑，8吋晶圓廠產能今年下半年仍滿載，主要需求是來自5G智慧型手機電源管理晶片。
美系外資指出，蘋果5奈米晶片貢獻，將有助於抵銷華為旗下海思半導體在5奈米及7奈米營收的下滑，加上超微、輝達、高通、聯發科(2454)等客戶將從9月起填補7奈米產能缺口，預估台積電今年第四季營收跌幅不大。不過若華為貿易禁令持續到2021年，台積電5奈米產能恐難由其他客戶訂單填補。
美系外資看好台積電今年第三季營收將優於預期，預估將季增4%，調高今年每股盈餘預估，幅度9%達16.72元，重申「加碼」評等，目標價調高到355元。",劉居全,2020-07-09T01:55:22.000Z,外資觀點：美系外資調高台積電目標價至355元，重申加碼，估今年EPS 16.72元
5f06f342e5472784c10f6551,https://tw.stock.yahoo.com/news/%E5%80%8B%E8%82%A1-%E5%8F%B0%E7%A9%8D%E9%9B%BB%E6%8C%81%E7%BA%8C%E6%93%B4%E5%85%85%E5%85%88%E9%80%B2%E8%A3%BD%E7%A8%8B%E4%B8%A6%E8%90%BD%E5%AF%A6%E7%B6%A0%E8%89%B2%E8%A3%BD%E9%80%A0-%E6%88%90%E5%8F%B0%E7%81%A3%E6%9C%80%E5%A4%A7%E5%86%8D%E7%94%9F%E8%83%BD%E6%BA%90%E6%8E%A1%E8%B3%BC%E4%BC%81%E6%A5%AD-235342844.html,"【財訊快報／記者李純君報導】全球晶圓代工龍頭台積電(2330)為落實綠色製造並響應全球節能減碳行動，截至2020年7月，共計將簽署1.2 GW再生能源購電契約，由於再生能源電力於電力生產過程中不產生碳排放，預計可年減碳排放量達218.9萬公噸，而台積電也是台灣最大最生能源的採購企業；同時此舉也意味著，台積電將持續在台灣大舉擴充龐大的先進製程產能，對於足夠電力供應有強勁的需求。
台積電為善盡企業社會責任，追求產業和環境共生共榮，於2015年至2017年間參與經濟部自願性綠色電價認購計畫，累計認購再生能源共4億度，成為台灣最大再生能源購買者。2019年，台積電共計購買約9.1億度再生能源、憑證及碳權，達海外據點100%使用再生能源之成果。隨著電業自由化完成，台積電更擴大採用再生能源，並於2020年5月和其他十二家業者完成國內首批再生能源轉供交易。截至2020年7月，台積電於台灣共計將簽署再生能源購電契約之總裝置容量達1.2GW。
台積電資訊技術及資材暨風險管理資深副總經理林錦坤表示：「台積電身為綠色製造的推動者，秉持對這塊土地永續發展的承諾，堅守負責任的採購者角色，持續且積極尋求各種合理、可行的再生能源方案，希望帶動產業共同推動低碳友善環境作為，同時支持聯合國永續發展目標(Sustainable Development Goals, SDGs)，為發展永續的半導體供應鏈全力以赴。」
此外，台積電更積極訂定再生能源採用計畫，更新2030年目標為全公司生產廠房25%用電量以及非生產廠房100%用電量為再生能源，並進而以全公司使用100%再生能源為長期目標。台積電未來仍將持續採取環境友善行動，為關懷地球盡一份心力。",李純君,2020-07-08T23:53:42.000Z,個股：台積電持續擴充先進製程並落實綠色製造，成台灣最大再生能源採購企業
5f065befe5472784c17e820e,https://tw.stock.yahoo.com/news/%E5%80%8B%E8%82%A1-%E5%8F%B0%E7%A9%8D%E9%9B%BB-2330-%E5%AE%A3%E5%B8%83%E6%93%B4%E5%A4%A7%E6%8E%A1%E7%94%A8%E5%86%8D%E7%94%9F%E8%83%BD%E6%BA%90-%E5%B9%B4%E6%B8%9B218-232211982.html,"台積公司擴大採用再生能源，年減218.9萬公噸碳排放量
1.事實發生日:109/07/08
2.公司名稱:台灣積體電路製造股份有限公司。
3.與公司關係(請輸入本公司或子公司):本公司。
4.相互持股比例:不適用。
5.發生緣由:不適用。
6.因應措施:不適用。
7.其他應敘明事項:
台積公司今(8)日宣布，為落實綠色製造並響應全球節能減碳行動，
截至2020年7月，共計將簽署1.2 GW再生能源購電契約，由於再生
能源電力於電力生產過程中不產生碳排放，預計可年減碳排放量
達218.9萬公噸。
台積公司為善盡企業社會責任，追求產業和環境共生共榮，於2015
年至2017年間參與經濟部自願性綠色電價認購計畫，累計認購再生
能源共4億度，成為台灣最大再生能源購買者。2019年，台積公司
共計購買約9.1億度再生能源、憑證及碳權，達海外據點100%使用
再生能源之成果。隨著電業自由化完成，台積公司更擴大採用再生
能源，並於2020年5月和其他十二家業者完成國內首批再生能源轉
供交易。截至2020年7月，台積公司於台灣共計將簽署再生能源購
電契約之總裝置容量達1.2GW，體現台積公司實踐環境永續的具體
承諾。
台積公司資訊技術及資材暨風險管理資深副總經理林錦坤表示：
「台積公司身為綠色製造的推動者，秉持對這塊土地永續發展的承
諾，堅守負責任的採購者角色，持續且積極尋求各種合理、可行的
再生能源方案，希望帶動產業共同推動低碳友善環境作為，同時支
持聯合國永續發展目標(Sustainable Development Goals, SDGs)，
為發展永續的半導體供應鏈全力以赴。」
此外，台積公司更積極訂定再生能源採用計畫，更新2030年目標為
全公司生產廠房25%用電量以及非生產廠房100%用電量為再生能源，
並進而以全公司使用100%再生能源為長期目標。台積公司未來仍將
持續採取環境友善行動，為關懷地球盡一份心力。",編輯部,2020-07-08T23:22:11.000Z,個股：台積電(2330)宣布擴大採用再生能源，年減218.9萬公噸碳排放量
5f081948e5472784c13cbaa8,https://tw.stock.yahoo.com/news/%E5%80%8B%E8%82%A1-7%E5%A5%88%E7%B1%B3%E8%B6%85%E5%A4%AF-%E5%8F%B0%E7%A9%8D%E9%9B%BB-2330-6%E6%9C%88%E7%87%9F%E6%94%B6%E5%89%B5%E6%96%B0%E9%AB%98-071024578.html,"【財訊快報／記者李純君報導】受惠於Nvidia、聯發科、AMD、高通等大客戶7奈米訂單需求強勁，加上華為管制期限未到，持續有華為訂單在生產線上運作，全球晶圓代工龍頭台積電(2330)6月營收創下單月歷史新高，合計第二季業績也順利達成財測，並較首季微增。
台積電今日公布6月成績單，單月營收達1208.78億元，不單較上月增加28.8%，也比去年同期成長40.8%，同時重回千億元大關，更刷新單月業績的新高紀錄。
累計台積電第二季營收總額達到3106.99億元，與第一季相比，季增0.32%，而相較台積電原先公布的第二季財測目標，3030億至3120億元區間，則是順利達陣，且處於高標水準區。至於累計台積電今年前6月營收約6212.96億元，較去年同期增加35.2%。
值得注意的是，台積電將在下週召開法說會，其第三季展望為科技類股的風向球，業界傳出，受惠於高通、聯發科、AMD、NVIDIA的7奈米訂單續強，加上台積電開始以5奈米替蘋果生產新款核心處理器，再者，台積電必須在限制期限內，把手中的華為(海思)訂單給全數生產完畢，遂在整體高階製程需求強勁的挹注下，台積電第三季業績將會微幅優於第二季。",李純君,2020-07-10T07:10:24.000Z,個股：7奈米超夯，台積電(2330)6月營收創新高，Q2績效處於財測高標
5f0808d3e5472784c1268767,https://tw.stock.yahoo.com/news/%E7%87%9F%E6%94%B6-%E5%8F%B0%E7%A9%8D%E9%9B%BB-2330-6%E6%9C%88%E7%87%9F%E6%94%B61-208%E5%84%847-060046196.html,"台積公司2020年6月營收報告
1.事實發生日:109/07/10
2.公司名稱:台灣積體電路製造股份有限公司
3.與公司關係(請輸入本公司或子公司):本公司
4.相互持股比例:不適用
5.發生緣由:不適用
6.因應措施:不適用
7.其他應敘明事項:
台積公司今（10）日公佈2020年6月營收報告。2020年6月合併營收約
為新台幣1,208億7,800萬元，較上月增加了28.8%，較去年同期增加
了40.8%。累計2020年1至6月營收約為新台幣6,212億9,600萬元，較
去年同期增加了35.2%。",編輯部,2020-07-10T06:00:46.000Z,"營收：台積電(2330)6月營收1,208億7,800萬元，月增28.8%，年增40.8%"
5f0c22dfe5472784c1db909b,https://tw.stock.yahoo.com/news/%E5%80%8B%E8%82%A1-%E5%8F%B0%E7%A9%8D%E9%9B%BB-2330-%E6%9C%AC%E9%80%B1%E6%B3%95%E8%AA%AA%E6%9C%83-%E7%BE%8E%E7%B3%BB%E5%A4%96%E8%B3%87%E5%96%8A%E5%87%BA415%E5%85%83%E7%9B%AE%E6%A8%99%E5%83%B9-084008183.html,"【財訊快報／記者劉居全報導】趕在台積電(2330)16日法說會前，美系外資在新出爐的報告表示，看好台灣晶圓代工廠商將受惠聯發科(2454)、超微(AMD)等客戶訂單配置提升，支撐先進製程產能利用率，台積電將會繼續在5G升級循環中，取得優勢地位，重申台積電「買進」評等，並列入在「強烈買進」名單中，目標價上看415元。而台積電今(13)日收盤價354.5元，上漲6元，再創歷史新高價。
美系外資表示，市場擔憂華為海思禁令，如果狀況沒有惡化，美國對華為禁令將在第四季開始生效，並將延續到2021年，不過，美系外資預估對於台積電2020、2021年營收影響各約僅低個位數與中高個位數百分比，算是在可控制範圍內。
美系外資也表示，先前蘋果宣布將在Mac產品採用自家ARM架構的設計，這將有利台積電先進製程產能利用，不過由於Mac產品的數量與iPhone數量無法相比，短期上，對於台積電營運不會有太大影響。
美系外資預估，若以美元計算，台積電第三季營收將季增4%，第四季營收將季減7%。",劉居全,2020-07-13T08:40:08.000Z,個股：台積電(2330)本週法說會，美系外資喊出415元目標價，今股價再創新高
5f0d3521e5472784c1c46376,https://tw.stock.yahoo.com/news/%E5%80%8B%E8%82%A1-%E5%B8%82%E5%A0%B4%E5%82%B3%E5%87%BA-%E5%8F%B0%E7%A9%8D%E9%9B%BB%E8%BF%91%E6%9C%9F%E5%B0%87%E5%90%91%E7%BE%8E%E5%9C%8B%E5%95%86%E5%8B%99%E9%83%A8%E7%94%B3%E8%AB%8B%E8%8F%AF%E7%82%BA%E6%B5%B7%E6%80%9D%E7%94%A2%E5%93%81%E8%A8%B1%E5%8F%AF-035428962.html,"【財訊快報／記者李純君報導】美國擴大對海思華為的管制令，在9月中旬後，晶圓代工廠若要替海思華為生產晶片，必須向美國官方申請，而業界傳出，台積電(2330)應該會在近期提出申請。
台積電6月底股東會時，董座劉德音針對美國擴大對華為管制令一事，表示120天的緩衝期，前面60天，台積電會釐清美國法律的管制範圍，爾後在決定是否送件申請許可。
近年來華為在全球持續壯大，先進製程晶片均仰賴台積電產出，尤其，依照法人圈的估算，海思華為今年上半年貢獻台積電的營收將達到15%到20%；雖然華為海思在晶片生產上會受到美國嚴重的限制管制，市佔率恐因此下滑，但不可否認的，華為海思的存在，對台積電來說，十分重要，台積電更不會輕易放棄這家大客戶。
而美國商務部在5月公布華為新出口禁令，美方要求任何廠商，若使用到美國技術、設備、軟硬體，替華為海思生產晶片者，都必須先向美國申請許可，方可生產，但只要在頒布禁令前下單的部分，擁有120天的寬限期，也就是9月中旬前得生產完畢。
也因此，9月中旬後，台積電能否再替華為海思生產晶片，得先有美國同意的文件，而依據劉德音表示，台積電在美國頒布禁制令後的前面60天，是得先清法律規範，爾後才會提出申請；至於美國商務部，也是先蒐集各方意見及企業法規解釋，並表示，企業最晚可在7月14日前提交意見，7月14日後，便可以向美國政府申請許可。",李純君,2020-07-14T03:54:28.000Z,個股：市場傳出，台積電近期將向美國商務部申請華為海思產品許可
5f0d3521e5472784c1c46324,https://tw.stock.yahoo.com/news/%E5%80%8B%E8%82%A1-%E5%8F%B0%E7%A9%8D%E9%9B%BBq3%E5%8A%A0%E7%A2%BC%E6%9B%BF%E6%B5%B7%E6%80%9D%E7%94%A2%E5%87%BA-q4%E6%9C%89%E8%98%8B%E6%9E%9C%E5%8A%9B%E6%8C%BA-%E5%8F%AF%E6%9C%9B%E4%B8%8A%E4%BF%AE%E5%85%A8%E5%B9%B4%E7%87%9F%E6%94%B6%E5%B1%95%E6%9C%9B-032007146.html,"【財訊快報／記者李純君報導】台積電(2330)即將在近日召開法說會，值得注意的是，原先台積電對下半年展望偏向保守，但隨著台積電第三季努力替海思華為在寬限期內趕工，加上蘋果願意在第四季增加對五奈米的採購量，受此利多加持下，台積電原先下修今年全年營收僅年增15～18%，但近期公司內部已傳出，將上調全年營收，年增幅度可達二成以上。
今年初市場看好台積電全年美元營收年成長率將逾20%，但在新冠肺炎擴散到世界，全球各國都封城鎖國，導致終端買氣急凍，再者，中美貿易戰擴大，美國封殺華為，晶圓代工廠均無法替華為海思量身打造生產晶片，在上述兩大關鍵因素的雙重打擊下，今年全球經濟景氣甚差，半導體產業受創也頗深。
連帶更讓台積電下修全年營收展望，從最初的以美元計價，將年增超過二成，下修為年增18%左右，並已經公開對市場表示，對於下半年看法偏保守。不過市況卻在第二季底第三季初出現變化；首先以第三季情況來看，先是nvidia、AMD、聯發科、高通等對七奈米需求強勁，再者，因為美國對華為海思的管控，給了緩衝期，亦即只要在五月中旬下單，且九月中旬生產完畢的晶片均算數。
為此，台積電第三季擴大對華為海思的支援程度，將後續產出的五奈米與七奈米的產能主要供給給華為海思，而部分nvidia、AMD、聯發科、高通的七奈米訂單，則會遞延到第四季。而第四季，依照美國的管制令，台積電無法再替華為海思生產晶片，台積電就有部分五奈米產能閒置，不過好在，蘋果已經願意增加對台積電五奈米的採購量，及時補上因少掉華為海思五奈米訂單的部分，遂將讓台積電第四季表現也優於公司原先預期。",李純君,2020-07-14T03:20:07.000Z,個股：台積電Q3加碼替海思產出，Q4有蘋果力挺，可望上修全年營收展望
5f0d1a48e5472784c1a01bc7,https://tw.stock.yahoo.com/news/%E5%A4%96%E8%B3%87%E8%A7%80%E9%BB%9E-%E7%B9%BC415%E5%85%83%E7%9B%AE%E6%A8%99%E5%83%B9-%E4%BA%9E%E7%B3%BB%E5%A4%96%E8%B3%87%E5%96%8A%E5%87%BA%E5%8F%B0%E7%A9%8D%E9%9B%BB500%E5%85%83-%E8%A9%95%E7%AD%89-%E5%BC%B7%E5%8A%9B%E8%B2%B7%E9%80%B2-021638404.html,"【財訊快報／記者劉居全報導】繼美系外資喊出台積電(2330)415元目標價後，亞系外資在最新出爐的報告中更喊出500元天價的目標價！亞系外資調高台積電目標價，由原先的315元一口氣調高至500元，評等由原先的「優於大盤表現」調高至「強力買進」，同時調高今年至後年每股盈餘預估，幅度分別為16%、22%及15%。
亞系外資表示，若沒新冠肺炎及華為事件影響，台積電成長將更強勁；亞系外資表示，台積電從華為掉單很快就會由其他客戶補上，亞系外資預估台積電今年營收(以美元計算)將年增30%。
亞系外資表示，台積電今年下半年至明年第一季表現可望較預期強勁，儘管來自海思7奈米的掉單，不過看到高性能計算客戶(包含NVDA，AMD和XLNX等)回補16 / 12奈米和5奈米，可望讓台積電(16奈米，7奈米，5奈米)明年上半年產能充分利用。
亞系外資表示，華為5G基站漏洞可能比預期更早被填滿，亞系外資指出，隨著美國打擊華為有趨緩態勢，像是英特爾、超微已獲得可出貨華為許可，而高通也有信心拿到許可證，華為在台積電的5G網路客製化訂單可望回補。
亞系外資表示，預估台積電將調高美元計價的營收目標，由原先公司預估成長15-18%調高至20-25%，而亞系外資更預估營收有機會年增達30%。美系外資調高台積電今年至後年3年每股盈餘預估，幅度分別達16%、22%、15%，將評等由原先的「優於大盤表現」調高至「強力買進」，目標價由原先的315元一口氣調高至500元。",劉居全,2020-07-14T02:16:38.000Z,外資觀點：繼415元目標價，亞系外資喊出台積電500元！評等「強力買進」
5f0e82bae5472784c1f193ae,https://tw.stock.yahoo.com/news/%E5%A4%96%E8%B3%87%E8%A7%80%E9%BB%9E-%E4%BA%9E%E7%B3%BB%E5%A4%96%E8%B3%87%E9%87%8D%E7%94%B3-%E8%B2%B7%E9%80%B2-%E5%8F%B0%E7%A9%8D%E9%9B%BB-2330-035206194.html,"【財訊快報／記者劉居全報導】趕在台積電(2330)法說會前，在一家外資加入調高目標價行列，亞系外資在最新出爐的報告中表示，儘管有華為訂單不確定風險，不過看好台積電今明年成長動能強勁，預估明年5奈米有望佔營收比達20%，重申「買進」評等，目標價由330元調高至425元。同時調高今明年獲利預估，將每股盈餘預估調高16%及11%，分別達17.46元及19.31元。
亞系外資表示，預估台積電第二季獲利表現強勁，第三季營收將季增5-8%，第三季毛利率也可望持平，優於市場預估的季減2-3%，主要是來自成熟製程產品組合比重逾25%。
亞系外資也指出，台積電下半年受惠高速運算訂單如超微、輝達挹注，5奈米製程有高通、聯發科(2454)、賽靈思、Apple帶動，預估台積電第四季營收可望再季增4%。
亞系外資也看好台積電明年動能，題材包含Apple ARM MAC訂單、超微伺服器，英特爾圖形處理器和低階AROM處理器委外等，看好5奈米營收佔比將達20%，重申「買進」評等，目標價調高至425元。",劉居全,2020-07-15T03:52:06.000Z,外資觀點：亞系外資重申「買進」台積電(2330)，目標價調高至425元
5f10231be5472784c182649e,https://tw.stock.yahoo.com/news/%E5%80%8B%E8%82%A1-%E7%BE%8E%E5%9C%8B%E6%93%B4%E5%A4%A7%E8%8F%AF%E7%82%BA%E6%B5%B7%E6%80%9D%E7%AE%A1%E5%88%B6-%E5%8F%B0%E7%A9%8D%E9%9B%BB%E7%A8%B1%E6%B3%95%E8%A6%8F%E8%A7%A3%E9%87%8B%E6%9C%9F%E5%89%9B%E9%81%8E-%E5%BE%85%E6%B3%95%E8%A6%8F%E6%9C%80%E5%BE%8C%E5%AE%9A%E8%AA%BF%E7%89%88%E6%9C%AC-085945223.html,"【財訊快報／記者李純君報導】針對美國擴大對華為海思管制一事，台積電提到，會依照法律規定行事，目前在等待法規的最後定調版本；而就赴美國設廠的部分，已經有選定可能的位子，會帶供應鏈一起去，預計在2024年開始投入5奈米的量產。
首先就美國管制華為海思的部分，台積電提到，公司確實遵守法規，自5月15日起就沒有再接單，也不會在9月中後出貨，目前法規解釋期剛過，台積電正在等待法規的最後版本。
此外，美國政府有表示可以針對此一法規提出評論，美國半導體協會有來向台積電詢問對台積電的看法，此外，台積電至今都沒有送出生產的申請許可，台積電也會就此事繼續觀察，並在法規的限定下進行合法生產與交易。
最後就美國建廠一事，台積電與美國多次溝通後，的確有意向去美國建廠，獲得美國聯盟及當地州政府支援，也會帶供應鏈一起去，解決成本差距問題，預計2024年開始生產，初期便導入5奈米，產能規劃為月產2萬片。",李純君,2020-07-16T08:59:45.000Z,個股：美國擴大華為海思管制，台積電稱法規解釋期剛過，待法規最後定調版本
5f10231ae5472784c1826482,https://tw.stock.yahoo.com/news/%E5%80%8B%E8%82%A1-%E5%AE%A2%E6%88%B6%E9%9C%80%E6%B1%82%E5%BC%B7%E5%8B%81-%E5%8F%B0%E7%A9%8D%E9%9B%BB-2330-%E5%AE%A3%E5%B8%83-084948048.html,"【財訊快報／記者李純君報導】受惠於5G與HPC趨勢確立，客戶端對5奈米與7奈米需求強勁，台積電(2330)宣布上修今年資本支出達到160億美元至170億美元間。
台積電提到，因5G與HPC大趨勢如期，在未來幾年替半導體產業帶來強勁需求，也致使客戶端對5奈米與7奈米製程需求相當強勁，為此，原先估計，今年資本支出為150億美元到160億美元，而16日的法說會上，正式宣布上調至160-170億美元。
台積電也提到，雖然新冠肺炎重創全球經濟，連帶影響下半年消費買氣與手機出貨，但5G手機今年出貨的占比是提升的，今年全球5G手機佔比可以達到16%到19%，而受5G與HPC的加持，客戶端對5奈米和7奈米需求強勁，預計台積電今年營收以美金計價，可以達到二成以上，此外四大平台中，台積電提到，今年除了汽車以外都會成長，尤其以HPC成長幅度最大。
至於庫存的議題，台積電提到，第二季客戶拉高庫存，一則因武漢肺炎疫情導致市場不確定性因素提高所致，二則則是因為仍預期下半年還是會有旺季效應，所以才會提高庫存。",李純君,2020-07-16T08:49:48.000Z,個股：客戶需求強勁，台積電(2330)宣布，今年資本支出上修至160-170億美元
5f1020bfe5472784c17e74f6,https://tw.stock.yahoo.com/news/%E5%80%8B%E8%82%A1-5g%E8%88%87hpc%E5%8A%A0%E6%8C%81-%E5%8F%B0%E7%A9%8D%E9%9B%BB-2330-%E9%A0%90%E4%BC%B0%E4%BB%8A%E5%B9%B4%E7%87%9F%E6%94%B6%E6%88%90%E9%95%B7%E7%8E%87%E5%85%A9%E6%88%90%E8%B5%B7%E8%B7%B3-074147467.html,"【財訊快報／記者李純君報導】台積電(2330)今日法說會提到，武漢肺炎擴散依舊對全球造成衝擊，並導致下半年消費性產品與智慧型手機出貨出現年減的態勢，但預估，台積電今年全年營收成長率仍可有二成起跳。
台積電表示，武漢肺炎衝擊全球經濟，也影響下半年消費性市場買氣，連帶恐讓今年智慧型手機出貨年減15%；此外也提到，供應鏈預估，今年全球5G手機佔比可以達到16%到19%，而晶圓代工產業今年產值的年增率約在15%到19%間。
至於就台積電本身，因為下半年有新款5G手機的推出、HPC運算等應用需求暢旺，加上物聯網趨勢確立，幫助台積電在下半年7奈米及5奈米等先進製程需求強勁，為此，台積電今年全年營收的年增率將會超過全球晶圓代工產業的年增率，達到二成起跳。而台積電也補充一提，受武漢肺炎影響，今年自家5奈米占公司全年營收比重會降至8%。",李純君,2020-07-16T07:41:47.000Z,個股：5G與HPC加持，台積電(2330)預估今年營收成長率兩成起跳
5f1006fde5472784c16602b1,https://tw.stock.yahoo.com/news/%E5%80%8B%E8%82%A1-5%E5%A5%88%E7%B1%B3%E5%92%8C7%E5%A5%88%E7%B1%B3%E5%A4%AA%E5%BC%B7-%E5%8F%B0%E7%A9%8D%E9%9B%BBq3%E7%87%9F%E6%94%B6%E4%BC%B0%E5%AD%A3%E5%A2%9E%E9%AB%98%E5%80%8B%E4%BD%8D%E6%95%B8%E7%99%BE%E5%88%86%E6%AF%94-%E6%AF%9B%E5%88%A9%E7%8E%87%E7%95%A5%E4%BD%8Eq2-072753119.html,"【財訊快報／記者李純君報導】受惠於5奈米量產，加上客戶端7奈米需求強勁，台積電(2330)第三季財測超優，預估單季營收以美金計價，季增幅度約9.3%，但單季毛利率因5奈米占比提升，將低於第二季的53%。
台積電第三季財測，以美金計價約在112億美元到115億美元間，季增幅度的中間值為9.3%，以美金對新台幣29.5元計價，約落在3304億元到3392.5億元新台幣間，較第二季營收3107億元，季增6.34%到9.19%。
至於第三季的毛利率，因5奈米占比提升、稼動率、匯率波動等因素，遂單季毛利率估會落在50%到52%間，略低於第二季的53%，而第三季的營業利益率估計為39%到41%。",李純君,2020-07-16T07:27:53.000Z,個股：5奈米和7奈米太強，台積電Q3營收估季增高個位數百分比，毛利率略低Q2
5f0ff43ae5472784c14f8cbf,https://tw.stock.yahoo.com/news/%E5%80%8B%E8%82%A1-7%E5%A5%88%E7%B1%B3%E6%95%88%E7%9B%8A%E5%A4%A7%E9%A1%AF%E7%8F%BE-%E5%8F%B0%E7%A9%8D%E9%9B%BBq2%E6%AF%9B%E5%88%A9%E7%8E%8753-%E7%8D%B2%E5%88%A9%E9%80%BE1208%E5%84%84%E5%85%83-%E5%9D%87%E5%89%B5%E6%96%B0%E9%AB%98-060216772.html,"【財訊快報／記者李純君報導】全球晶圓代工龍頭台積電(2330)受惠於7奈米需求強勁，今年第二季毛利率53%，優於預期，單季稅後獲利1,208.22億元，年增81%、季增3.3%，而第二季單季每股淨利4.66元；台積電今年第二季營收創歷史次高，但毛利率與單季稅後獲利均是創下史上單季的新高。
台積電今(16)日公佈2020年第二季財務報告，合併營收約3,107億元，稅後獲利1,208億2000萬元，每股淨利4.66元，折合美國存託憑證每單位為0.78美元。
與2019年同期相較，台積電2020年第二季營收增加了28.9%，稅後獲利與單季每股獲利增加了81.0%。與前一季相較，2020年第二季營收基本持平，稅後獲利則增加了3.3%。
若以美元計算，台積電2020年第二季營收為103億8,000萬元，較2019年同期增加了34.1%，較前一季則增加了0.8%。2020年第二季毛利率為53.0%，營業利益率為42.2%，稅後純益率則為38.9%。
此外，今年第二季7奈米製程出貨佔台積電2020年第二季晶圓銷售金額的36%；16奈米製程出貨佔全季晶圓銷售金額的18%。總體而言，先進製程（包含16奈米及更先進製程）的營收達到全季晶圓銷售金額的54%。",李純君,2020-07-16T06:02:16.000Z,個股：7奈米效益大顯現，台積電Q2毛利率53%，獲利逾1208億元，均創新高
5f0fb4f8e5472784c1fab462,https://tw.stock.yahoo.com/news/%E5%80%8B%E8%82%A1-%E9%9C%80%E6%B1%82%E5%BC%B7%E6%96%BC%E9%A0%90%E6%9C%9F-%E5%82%B3%E5%8F%B0%E7%A9%8D%E9%9B%BB-2330-%E5%B0%87%E4%B8%8A%E8%AA%BFq3%E7%87%9F%E6%94%B6%E5%AD%A3%E5%A2%9E%E7%8E%87%E8%87%B3%E9%80%BE5-014106796.html,"【財訊快報／記者李純君報導】半導體產業風向指標的台積電(2330)即將在今天下午召開法說會，受惠於先進製程需求強勁，加上要替華為海思趕在緩衝期限內出貨，業界傳出，台積電原先預期第三季營收僅維持季增低個位數百分比，但有望在今天上修至季增超過5%。
新冠肺炎擴散到世界，各國封城鎖國後導致全球經濟重創，尤其讓手機銷售滑落谷底，5G效益不如預期，而好不容易疫情稍趨緩，但近期又有二度爆發的趨勢，加上中美貿易戰火更加激烈，美國擴大管制華為海思，而華為海思又是台積電主要大客戶，外資估算，以台積電今年上半年營收來計算，華為海思占比將超過15%。
在上述兩大利空襲擊下，台積電在上季法說會中，直言下半年市況恐有旺季不旺的疑慮，台積電對下半年看法偏向保守；但自6月下旬起，市場卻有了變化，其一NVIDIA、AMD、高通、聯發科等因要推出新款晶片，致使對7奈米需求超乎預期強勁，加上美國給華為海思晶片的寬限期在今年9月中旬，台積電必須在寬限期內全數生產完畢。
此外，以終端需求來看，NB續強、伺服器雖有雜音但受惠於英特爾新平台的推出，新機種要陸續問世，第三季出貨量可維持第二季的水準等，再者第三季仍有小幅的旺季效應存在等等，基於上述理由，半導體圈傳出，台積電第三季原先預期，營收季增率恐僅0%到5%，但可望於今年上調到季增5%之上，至於第四季也會比先前預期的要好。",李純君,2020-07-16T01:41:06.000Z,個股：需求強於預期，傳台積電(2330)將上調Q3營收季增率至逾5%
5f1110c4e5472784c13baaca,https://tw.stock.yahoo.com/news/%E5%A4%96%E8%B3%87%E8%A7%80%E9%BB%9E-%E5%8F%B0%E7%A9%8D%E6%B3%95%E8%AA%AA%E4%BD%B3%E9%9F%B3-%E5%A4%96%E8%B3%87%E4%BC%B0%E6%98%8E%E5%BE%8C%E5%B9%B4%E8%B3%BA%E8%BF%912%E8%82%A1%E6%9C%AC-%E7%9B%AE%E6%A8%99%E5%83%B9%E9%80%BE400%E5%85%83%E6%88%90%E6%99%AE%E9%81%8D%E5%85%B1%E8%AD%98-022514663.html,"【財訊快報／記者劉居全報導】台積電(2330)第二季財報出爐優於預期，法說會後多家外資在最新出爐的報告中紛紛調高目標價，而且都是超過400元以上，台積電目標價逾400元以上已是多數外資共識。
美系外資將台積電目標價由原先的375元調高至408元，重申「加碼」評等；另一美系外資重申「買進」評等，目標價由360元調高至410元；另一美系外資重申「買進」評等，目標價由408元調高至421元；另一美系外資重申「買進」評等，目標價由415元調高至440元；亞系外資重申「買進」評等，目標價由425元調高至460元；另一亞系外資重申「買進」評等，目標價維持上看500元。
多數外資看好台積電技術領先，加上在疫情衝擊全球經濟不明朗下，台積電仍給出預估營收成長目標以及資本支出提高等好消息，而資本支出提高代表對於明年營運仍正面看法，外資法人紛紛調高獲利及目標價。
其中亞系外資調高台積電今明年每股盈餘預估，幅度6%及8%，分別達18.57元及20.93元；美系外資調高今年至後年每股盈餘預估，幅度分別為9%、3%及2%，分別達18元、19.8元及22.2元；另一美系外資調高今年至後年每股盈餘預估，分別由16.49元、18.93元、21.13元調高至18.57元、19.27元及21.43元；另一美系外資也調高今年至後年每股盈餘預估，分別由16.76元、15.46元、20.13元調高至18.02元、17.25元及20.56元。",劉居全,2020-07-17T02:25:14.000Z,外資觀點：台積法說佳音，外資估明後年賺近2股本，目標價逾400元成普遍共識
5f22a94ee5472784c12710bd,https://tw.stock.yahoo.com/news/%E8%82%A1%E5%B8%82%E5%A4%A7%E6%BC%B2-%E5%A3%BD%E9%9A%AA%E6%A5%AD6%E6%9C%88%E6%8C%81%E6%9C%89%E5%8F%B0%E8%82%A1%E5%B8%82%E5%80%BC1-67%E5%85%86%E5%85%83%E5%88%B7%E6%96%B0%E9%AB%98-112228165.html,"（中央社記者劉姵呈台北2020年7月29日電）金管會最新統計，至6月底止，壽險業持有台股市值已達新台幣1兆6777億元，創下歷史最高水位，占整體壽險業投資總金額約6.12%；顯示在股市行情帶動下，壽險業身家也跟著水漲船高。
近期台股在台積電 (2330) 的帶領下，突破睽違30年的歷史新高點12682點，甚至一度攻破13000點，但台股6月單月就大漲約679.08點，漲幅達6.2%，也讓壽險業6月持有台股市值大增。
金管會保險局公布最新統計，至6月底止，壽險業持有台股的市值達到1兆6777億元，創下歷史最高水位，占整體壽險業投資總金額部位約6.12%。
然而，進一步觀察，至5月底止，壽險業持有台股市值為1兆6655億元，隨台股漲幅應增加約800億元至900億元左右，但這1個月來卻僅增加約122億元的市值，顯示壽險業6月時有逢高獲利了結，先實現股票利益。
壽險公司主管分析，適逢每年6月底，大多數壽險公司為了拉高每半年要計算一次的淨值比與資本適足率（RBC），會減持股票、債券，但7、8月可能還會再加碼回補，所以壽險業7月持有台股市值，還是有可能續創新高。
另一方面，保險局也統計，至6月底止，壽險業持有國內現金與國外現金（外幣）部位，合計較5月底新增約976億元，月增幅達8%以上。顯示壽險業在市場行情大好的時候，不僅居高思危，也寧願先落袋為安，保留現金，伺機再出手作調整。",中央社,2020-07-29T11:22:28.000Z,股市大漲 壽險業6月持有台股市值1.67兆元刷新高
5f21029de5472784c1806b19,https://tw.stock.yahoo.com/news/%E9%87%91%E8%9E%8D-%E5%8F%B0%E8%82%A1%E8%A1%8C%E6%83%85%E4%BD%B3-%E5%A3%BD%E9%9A%AA%E6%8A%95%E8%B3%87%E8%82%A1%E7%A5%A8%E5%B8%82%E5%80%BC%E5%89%B5%E6%96%B0%E9%AB%98-045203842.html,"【時報-台北電】有台灣之光台積電撐著，壽險業身家也跟著水漲船高。據保險局統計，壽險業6月底持有國內股票市值，高達新台幣1兆6,777億元，創史上新高，占壽險業資金的6.12％；但其實6月不少公司是實現股票獲利，整體業界約減碼800~900億元股票，但因為台股持續上攻，壽險業手中的股票市值也跟著創歷史新高。
每年6月底，大多數壽險公司會減持股票、債券等風險性資產，主要是為了拉高每半年要計算一次的資本適足率（RBC），短暫降低投資部位，7、8月多數會再回補部位，所以7月壽險股票市值還是有可能繼續創高。
上一次壽險公司持有台股市值的高點，是2019年7月底，有新台幣1兆6,773億元，占其可運用資金的6.53％，等於今年壽險業其實並沒有增加台股配置比重，只是隨著股票行情大好，壽險手中的持股價值也跟著增加，尤其不少壽險公司積極累積股利型股票，台積電等都是其心頭好。
上半年壽險投資台股市值增加1,371億元，占比是從5.82％拉高到6.14％，即從去年第四季領完現金股利後的減碼，今年上半年有回補部位，而近三年內壽險業配置台股比重最高是2018年的7月，占其資金的7.14％，當時台股也在1萬1千點以上，壽險持有台股市值達1兆6,681億元，2018年8月領完現金股利後，壽險台股部位再未逾其可運用資金的7％。（新聞來源：工商即時 彭禎伶）",時報資訊,2020-07-29T04:52:03.000Z,《金融》台股行情佳 壽險投資股票市值創新高
5f20e67de5472784c159d886,https://tw.stock.yahoo.com/news/%E7%94%A2%E6%A5%AD-%E7%BE%8E%E5%A4%A7%E5%BB%A07%E5%A5%88%E7%B1%B3%E8%90%BD%E7%A9%BA-3%E5%A4%A7%E9%97%9C%E9%8D%B5%E7%88%86%E5%8F%B0%E7%A9%8D%E9%9B%BB%E6%8E%A5%E5%96%AE%E6%A9%9F%E7%8E%87-024237272.html,"【時報-台北電】英特爾日前終於認了，7奈米製程陷入瓶頸做不出來，考慮將晶片委外生產，市場認為，台積電最有可能拿下代工大單。但有分析師認為，從產能、客戶和市場等三大因素來看，台積電接單的可能性不高。
摩爾投顧分析師鐘崑禎表示，台積電如果真的接到接到英特爾（Intel）委外代工訂單，從目前英特爾財報來看，大約會是70億美元至200億美元的大訂單，佔台積電營收的20%-50%，將會成為台積電的第二大客戶。
他指出，雖然外界看好，但其實台積電本身不見得想去搶這塊大餅，有三大原因：
一、台積電目前產能幾乎滿載，可能沒有多餘產能協助英特爾生產7奈米晶片。
二、英特爾的7奈米晶片成品最快要2022年底才會推出，台積電靠超微（AMD）現有7奈米製程的Ryzen處理器，就可以穩坐市場龍頭。
三、台積電之前與英特爾的合作並不順利，且超微等與英特爾屬於競爭關係，台積電的現有客戶可能也會極力反對。
但有業界人士認為，台積電先進製程技術領先其他代工廠，且過去曾與英特爾合作代工業務，拿下英特爾代工訂單也不意外；市場也傳出，台積電日前法說會上調10億美元資本支出，是為了因應英特爾代工訂單做準備。（新聞來源：中時新聞網 吳美觀）",時報資訊,2020-07-29T02:42:37.000Z,《產業》美大廠7奈米落空！3大關鍵爆台積電接單機率
5f20e1cee5472784c15220e5,https://tw.stock.yahoo.com/news/%E5%8D%8A%E5%B0%8E%E9%AB%94-%E9%A3%86%E9%A2%A8%E5%81%9C%E6%AD%87-%E5%8F%B0%E7%A9%8D%E9%9B%BB%E9%9A%A8adr%E9%96%8B%E4%BD%8E-015137698.html,"【時報記者沈培華台北報導】台積電ADR在經歷2個交易日狂飆之後，周二回檔，收盤跌7.6%。台積電(2330)本周連續二個交易日漲停，周二漲至新天價466.5元，今開低7元為428元，中止連二天、累計逾二成之飆漲。
台積電ADR周二以76.92美元作收，下跌6.33美元，跌幅7.60%，換算相當於台積電每股為新台幣453.86元。台積電周二收盤價為435元新高，但收在相對低點，外資轉為小幅賣超1947張。
台積電ADR連飆兩個交易日後，28日拉回下挫7.6%、收76.92美元。台積電ADR於7月24日、7月27日兩個交易日共計飆漲23.57%。
台積電周二漲幅雖然收斂至2.47%，但盤中曾漲停至歷史盤中新高達466.5元，市值突破4,100億美元，超越美國企業嬌生(Johnson &amp; Johnson)及Visa Inc.，一度成為全球市值第十大的上市企業。
台積電ADR及台積電本周以來股價飆漲，主要是英特爾(Intel)7奈米處理器進度延遲，市場看好台積電將受惠Intel外包給台積電之訂單，外資也再啟動一波調升評等及目標價，喊出500元以上目標價。
英特爾日前表示，7奈米製程產品將延遲6個月上市，且不排除將晶片委外代工；對手超微（AMD）與晶圓代工廠台積電美國存託憑證（ADR）則同步大漲，並同創歷史新高。
市場看好超微可望趁機擴大市占，超微代工廠台積電營運也將連帶受惠，此外，市場並預期，英特爾若委外代工，台積電贏得訂單的機率高，將為營運注入成長新動能。",時報資訊,2020-07-29T01:51:37.000Z,《半導體》飆風停歇 台積電隨ADR開低
5f20d3c8e5472784c13814da,https://tw.stock.yahoo.com/news/%E5%8F%B0%E7%A9%8D%E9%9B%BB%E6%97%A9%E7%9B%A4%E8%B7%8C10%E5%85%83-%E5%B8%82%E5%80%BC%E7%B8%AE%E6%B0%B42593%E5%84%84%E5%85%83-012857610.html,"（中央社記者張建中新竹2020年7月29日電）台積電美國存託憑證（ADR）漲多回檔，收跌7.6%，影響台積電今天股價走跌，早盤一度達新台幣425元，跌10元，跌幅達2.3%，市值縮水2593億元。
英特爾（Intel）7奈米製程進展延遲，市場預期台積電可望隨著客戶超微（AMD）擴大市占受惠，並有機會接獲英特爾委外代工訂單，激勵台積電股價與美國掛牌的ADR連日大漲、台積電ADR兩個交易日共飆漲23.57%。
由於短線漲幅已大，獲利了結賣壓出籠，台積電ADR週二回檔，收76.92美元，跌6.33美元，跌幅7.6%。台積電今天股價也轉趨疲弱，一度達新台幣425元，跌10元，跌幅2.3%，市值縮水2593億元，滑落至11.02兆元。
另一晶圓代工廠聯電ADR週二也跌5.43%，收在3.66美元，今天股價同步走跌，一度達新台幣21.15元，跌1.1元，跌幅達4.94%。",中央社,2020-07-29T01:28:57.000Z,台積電早盤跌10元 市值縮水2593億元
5f20cf13e5472784c12ed076,https://tw.stock.yahoo.com/news/%E5%88%B8%E5%95%86%E6%99%A8%E8%A8%8A%E5%8F%B0%E8%82%A1%E6%8A%95%E8%B3%87%E7%B5%84%E5%90%88%E5%BB%BA%E8%AD%B0-1-2020%E5%B9%B4-7%E6%9C%8829%E6%97%A5-010156750.html,"※券商推薦股：義隆(1)、聯茂(1)、亞德客-KY(1)、穩懋(1)、台積電(1)、聯電(1)、晶電(1)、榮創(1)、隆達(1)。
※各券商推薦股：【日盛金控】義隆、聯茂、亞德客-KY、穩懋。【統一證券】台積電、聯電、晶電、榮創、隆達。
",中央社,2020-07-29T01:01:56.000Z,券商晨訊台股投資組合建議 (1) 2020年 7月29日
5f20ca6ee5472784c123506f,https://tw.stock.yahoo.com/news/%E5%8F%B0%E7%A9%8D%E9%9B%BBadr28%E6%97%A5%E4%B8%8B%E8%B7%8C6-33%E7%BE%8E%E5%85%83%E8%B7%8C%E5%B9%857-60-%E6%8A%98%E5%8F%B0%E8%82%A1453-86%E5%85%83-004055145.html,"(中央社台北2020年 7月29日電)台積電在NYSE掛牌 ADR以 76.92美元作收，下跌6.33美元，跌幅 7.60%。
由於每單位台積電 ADR相當於台股 5股台積電普通股，以 7月28日新台幣匯市收盤價29.502元計算，相當台股台積電每股為453.86元。
最近10個交易日行情如下：",中央社,2020-07-29T00:40:55.000Z,台積電ADR28日下跌6.33美元跌幅7.60%折台股453.86元
5f20bc56e5472784c1156024,https://tw.stock.yahoo.com/news/%E7%94%A2%E6%A5%AD-%E4%B8%8A%E5%8D%8A%E5%B9%B4%E5%B0%88%E5%88%A9%E7%94%B3%E8%AB%8B%E6%95%B8%E9%87%8F-%E5%8F%B0%E7%A9%8D-%E9%AB%98%E9%80%9A%E5%90%84%E5%A5%AA%E6%A6%9C%E9%A6%96-235301369.html,"【時報-台北電】經濟部智慧財產局28日公布今年上半年智慧財產權趨勢，發明專利申請本國法人仍由台積電奪下榜首，連續第五季拿下第一，外國法人則由高通拿下申請數量第一。
智慧局指出，今年上半年本國人申請案件數3萬2843件，創下了民國89年以來的新紀錄，較去年同期增加10%；外國人申請1萬542件，則呈現負成長，主要是受到國際疫情影響所致。
值得注意的是，在本國法人發明專利申請上，第一名還是台積電，件數有375件，較去年年減13％；第二名是聯發科，數量211件、年增29％；第三名友達210件、年減34％。第四名是瑞昱有204件、年增52％相當亮眼，第五宏碁的145件、年減10％；鴻海申請116件、成長12％，拿下第六名。
至於外國法人申請方面，第一名是高通的304件，年增為14％，第二名是應用材料299件，年增3％，第三則是日東電工234件，年增26％。
智財局長洪淑敏表示解釋，雖然台積電在上半年數量較去年下降，不過這與去年台積電申請創歷年新高有關，在比較基期較高情況下，才會有兩位數的減幅，不過與過去幾年相比，台積電自2015年以來申請數量都是穩定成長，且已連續四年都稱霸第一。
智財局指出，我國中小企業發明件數成長快速，雖然我國企業發明申請件數成長1％，件數占本國人發明總件數之比例逾75％，是研發創新的主要動能。其中中小企業件數成長14％，連續兩年維持1成以上高成長，表現亮眼。
另外在我國大專校院發明專利方面，申請件數合計較上年同期增加19％，主要大專校院之件數多有顯著成長。申請人方面，成大申請56件，為104年上半年以來，再度躍居第一；私立學校以崑山科大36件最多，成長125％。(新聞來源：工商時報─馮建棨／台北報導)",時報資訊,2020-07-28T23:53:01.000Z,《產業》上半年專利申請數量 台積、高通各奪榜首
5f222790e5472784c17c0130,https://tw.stock.yahoo.com/news/%E5%8D%8A%E5%B0%8E%E9%AB%94-adr%E9%A3%86%E6%AC%A1%E9%AB%98-%E5%8F%B0%E7%A9%8D%E9%9B%BB%E6%A8%82%E9%96%8B%E6%87%B7-013319567.html,"【時報記者沈培華台北報導】台積電ADR 29日大漲逾7%並創歷史次高，台積電(2330)股價今跳空開高14.5元達436.5元，最高達441元，漲幅逾3%，但尚未超過本周二所創高點。
台積電ADR 29日上漲5.75美元，漲幅7.48%，折合一股為新台幣487.77元。台積電周三收低為422元，外資連續第二天賣超，賣超7727張，累計連二日共計賣超9674張。
台積電ADR於7月24日、7月27日兩個交易日共計飆漲23.57%。但29日再度飆漲7.48%達82.67美元，僅次於27日創下的歷史收盤新高83.25美元。
台積電周二盤中曾漲停至歷史新高達466.5元，市值突破4,100億美元，超越美國企業嬌生(Johnson &amp; Johnson)及Visa Inc.，一度成為全球市值第十大的上市企業。
台積電ADR及台積電本周以來股價飆漲，主要是英特爾(Intel)7奈米處理器進度延遲，市場看好台積電將受惠Intel外包給台積電之訂單，外資也再啟動一波調升評等及目標價，喊出500元以上目標價。
英特爾日前表示，7奈米製程產品將延遲6個月上市，且不排除將晶片委外代工；對手超微（AMD）與晶圓代工廠台積電美國存託憑證（ADR）本周以來均大漲，並同創歷史新高。
市場看好超微可望趁機擴大市占，超微代工廠台積電營運也將連帶受惠，此外，市場並預期，英特爾若委外代工，台積電贏得訂單的機率高，將為營運注入成長新動能。",時報資訊,2020-07-30T01:33:19.000Z,《半導體》ADR飆次高 台積電樂開懷
5f221727e5472784c15cfda3,https://tw.stock.yahoo.com/news/%E5%8F%B0%E7%A9%8D%E9%9B%BBadr29%E6%97%A5%E4%B8%8A%E6%BC%B25-75%E7%BE%8E%E5%85%83%E6%BC%B2%E5%B9%857-48-%E6%8A%98%E5%8F%B0%E8%82%A1487-77%E5%85%83-002939693.html,"(中央社台北2020年 7月30日電)台積電在NYSE掛牌 ADR以 82.67美元作收，上漲5.75美元，漲幅 7.48%。
由於每單位台積電 ADR相當於台股 5股台積電普通股，以 7月29日新台幣匯市收盤價29.501元計算，相當台股台積電每股為487.77元。
最近10個交易日行情如下：",中央社,2020-07-30T00:29:39.000Z,台積電ADR29日上漲5.75美元漲幅7.48%折台股487.77元
5f23e078e5472784c13ee401,https://tw.stock.yahoo.com/news/%E9%BB%83%E5%A4%A9%E7%89%A7-%E9%80%A0%E5%B8%82%E5%88%B6%E5%BA%A6%E5%8F%AF%E5%B9%AB%E5%8A%A9%E8%B3%87%E6%9C%AC%E5%B8%82%E5%A0%B4%E5%9D%87%E8%A1%A1%E7%99%BC%E5%B1%95-090450942.html,"（中央社記者劉姵呈台北2020年7月31日電）台積電連動台股近期價量齊揚，金管會主委黃天牧今天表示，台積電因權值比重大，股價和量都占台股重要角色，但資本市場應均衡發展，明年中推造市制度，可提振其他優質但交易量低的股票流動性。
黃天牧今天在「2020台灣資本市場論壇」上表示，台灣資本市場有很多台灣之光的半導體產業，但也要注意到其他產業要同步發展，例如，有些體質優良、交易量低的股票，金管會也將提出一些策略，希望這幾年內陸續推動，讓不同股票在不同階段都有好發展。
黃天牧坦言，台積電 (2330) 因權值比重較大，其股價和交易量都占台股很重要角色，但不能因為最近股市價量很好就自滿。他甚至點出，「沒有台積電的台股，會是何種風貌」。
為了讓資本市場更均衡發展，黃天牧說，金管會將在明年中提出造市制度，希望透過券商造市，提振優質但交易量低的股票流動性，提升交易量，希望大家在有好表現的時候，都有成長機會。
媒體也詢問，金管會擬定的造市制度，是要向大股東、上市公司借券，還是拿庫藏股；黃天牧則表示，有關於券源、交易對象、費用及造市交易的稅負等問題，都還需要再討論及解決。
黃天牧說，造市制度預期實施期間是明年中，技術上相關引發的問題，會在整個規劃設計中再去做討論。",中央社,2020-07-31T09:04:50.000Z,黃天牧：造市制度可幫助資本市場均衡發展
5f23db82e5472784c138e2c3,https://tw.stock.yahoo.com/news/%E9%BB%83%E5%A4%A9%E7%89%A7%E6%8F%90-%E6%B2%92%E6%9C%89%E5%8F%B0%E7%A9%8D%E7%9A%84%E5%8F%B0%E8%82%A1%E6%98%AF%E4%BD%95%E9%A2%A8%E8%B2%8C-%E9%87%91%E7%AE%A1%E6%9C%83%E6%AA%A2%E8%A8%8E%E7%B1%8C%E8%B3%87%E6%A9%9F%E5%88%B6-080327987.html,"金管會主委黃天牧今 (31) 日在「2020 台灣資本市場論壇」表示，在中美貿易衝突、疫情等因素下，使得全球供應鏈重組，如何定義在亞洲之間的地位，是目前所要思考的問題，未來十年是台灣 30 年來難得的好機遇，大家也要思考，「沒有台積電的台股市場是什麼風貌？」金管會要積極檢討台股籌資、交易機制。
前總統李登輝昨晚逝世，黃天牧表示，總統蔡英文提到前總統李登輝對台灣發展的貢獻，讓他深深有感，台灣有很大優點是「以法治國」，台灣民主發展呵護了經濟、資本市場發展，不只殖利率吸引人，公司治理好、財報透明、永續發展價值都與民主政治發展息息相關。
黃天牧認為，未來十年是台灣 30 年來難得的好機遇，尤其，在中美貿易戰、肺炎疫情發生後，使得全球供應鏈重組，如何定義在亞洲之間的地位，應是目前所要思考的問題，因此，金管會要積極檢討台灣的籌資、交易機制；包括今年陸續上路逐筆交易、零股交易、明年則有冷門股的造市機制。
黃天牧點出，大家也要想想，「沒有台積電的台股市場是什麼風貌？」，台積電權值大，在台股的股價、量能上都占很重要角色，但站在監理者角色，更關心的是資本市場均衡發展，台灣半導體產業有很多台灣之光，但其他產業也要同步，所以造市機制很重要。
黃天牧也提到，未來將推動公司治理藍圖 3.0，希望在亞洲能有一席之地，也能獲得國際肯定，至於資安方面也要重視，好好掌握 30 年機遇。
至於川普 30 日透過推特表示建議延後 2020 年總統大選，加上美國經濟數據不佳，道瓊跌逾 200 點，是否衝擊台股？黃天牧指出，川普只是提出建議但最後又改口收回了，因此，對於台股的影響性要再觀察。",鉅亨網新聞中心,2020-07-31T08:03:27.000Z,黃天牧提「沒有台積的台股是何風貌？」金管會檢討籌資機制
5f23d92ee5472784c13612e7,https://tw.stock.yahoo.com/news/%E5%8F%B0%E7%A9%8D%E9%9B%BB%E9%A6%96%E5%89%B5%E4%B9%BE%E5%BC%8Feuv%E5%85%89%E7%BD%A9%E6%BD%94%E6%B7%A8%E6%8A%80%E8%A1%93-%E6%94%B9%E5%96%84%E6%95%88%E7%9B%8A%E9%81%9420%E5%84%84%E5%85%83-074518832.html,"晶圓代工龍頭台積電 (2330-TW) 領先全球導入極紫外光 (EUV) 微影製程技術，並首創環境友善的「乾式 EUV 光罩潔淨技術」，取代傳統沖洗流程，今年落塵率已削減達 99%，除使光罩使用率躍升超過 8 成，也延長先進製程 EUV 光罩壽命，累計創造改善效益達新台幣 20 億元。
台積電為達優質的 EUV 微影良率，並實踐綠色製造使命，首創乾式 EUV 光罩潔淨技術，透過分析落塵、排除汙染源方式，使機台內每一萬片晶圓曝片的落塵數，從數百顆減少到個位顆數，落塵率削減 99%；導入試產迄今累計節水量約 735 公噸，降低化學品使用量約 36 公噸。
依製程需求，EUV 微影製程光罩分為有 / 無保護膜二種。台積電選用無保護膜的 EUV 光罩，以提高透光性，減少 EUV 微影製程曝光光能損耗；為進一步解決無保護膜 EUV 光罩的落塵問題，台積電品質暨可靠性組織攜手技術發展、營運組織，從 2018 年起，共同開發落塵分析技術。
台積電研發的「乾式 EUV 光罩潔淨技術」，透過乾式技術快速去除落塵，取代需要使用純水與化學品的濕式清潔手法；同時，以次奈米級分析技術精準定位落塵來源，從根本排除汙染源，經不斷測試與優化，今年成功使落塵削減率超過 99%。
藉由乾式 EUV 光罩潔淨技術創新，台積電除達成利用 EUV 微影製程技術領先量產目標，資源使用效率也進一步提升，自 2018 年導入試產至今，有效減省水、化學品等能資源使用量，且據生產週期控管系統顯示，乾式潔淨技術導入後，大幅縮短光罩保修頻率與時間，光罩使用率躍升超過 80%，也延長先進製程 EUV 光罩壽命。
台積電去年進一步發展乾式 EUV 光罩潔淨技術自動化，已於今年 1 月全面導入 12 吋晶圓廠區量產；目前台積電品質暨可靠性組織，持續開發更微小的落塵分析及清潔技術，為未來更精密的先進製程打下穩健品質管理基礎，實踐科技與生態並存的綠色製造承諾。",鉅亨網記者林薏茹 台北,2020-07-31T07:45:18.000Z,台積電首創乾式EUV光罩潔淨技術 改善效益達20億元
5f23a7f1e5472784c1fe192f,https://tw.stock.yahoo.com/news/%E5%8F%B0%E7%A9%8D%E9%9B%BB%E5%B0%8E%E5%85%A5%E4%B9%BE%E5%BC%8F%E5%85%89%E7%BD%A9%E6%BD%94%E6%B7%A8%E6%8A%80%E8%A1%93-%E5%89%B520%E5%84%84%E5%85%83%E6%95%88%E7%9B%8A-045129813.html,"（中央社記者張建中新竹2020年7月31日電）晶圓代工廠台積電 (2330) 導入乾式極紫外光（EUV）光罩潔淨技術，提升能源與資源使用效率，估計自民國107年試產迄今，累計創造新台幣20億元改善效益。
台積電表示，依製程需求，EUV微影製程光罩分為有保護膜及無保護膜兩種，公司選用無保護膜的EUV光罩，提高透光性，減少EUV微影製程曝光光能損耗。
為解決無保護膜EUV光罩的落塵問題，台積電品質暨可靠性組織攜手技術發展、營運組織，107年起共同開發落塵分析技術。
台積電創新研發乾式EUV光罩潔淨技術，透過乾式技術快速去除落塵，取代需要使用純水與化學品的濕式清潔手法；同時以次奈米級分析技術精準定位落塵來源，從根本排除汙染源，至109年成功使落塵削減率超過99%。
台積電107年導入試產迄今，除有效減省水、化學品等能資源使用量，依據生產週期控管系統顯示，乾式潔淨技術導入後大幅縮短光罩保修頻率與時間，使光罩使用率躍升超過80%，並延長先進製程EUV光罩壽命，累計創造的改善效益達20億元。",中央社,2020-07-31T04:51:29.000Z,台積電導入乾式光罩潔淨技術 創20億元效益
5f237850e5472784c1ba6c75,https://tw.stock.yahoo.com/news/%E5%8F%B0%E7%A9%8D%E9%9B%BBadr30%E6%97%A5%E4%B8%8B%E8%B7%8C2-74%E7%BE%8E%E5%85%83%E8%B7%8C%E5%B9%853-31-%E6%8A%98%E5%8F%B0%E8%82%A1471-92%E5%85%83-013825905.html,"(中央社台北2020年 7月31日電)台積電在NYSE掛牌 ADR以 79.93美元作收，下跌2.74美元，跌幅 3.31%。
由於每單位台積電 ADR相當於台股 5股台積電普通股，以 7月30日新台幣匯市收盤價29.521元計算，相當台股台積電每股為471.92元。
最近10個交易日行情如下：",中央社,2020-07-31T01:38:25.000Z,台積電ADR30日下跌2.74美元跌幅3.31%折台股471.92元
5f237911e5472784c1bbc2e6,https://tw.stock.yahoo.com/news/%E5%8F%B0%E5%B9%A3%E7%BA%8C%E5%8D%87-%E5%8F%B0%E8%82%A1%E5%9B%9E%E6%AA%94-%E5%88%86%E6%9E%90%E5%B8%AB-%E4%B8%AD%E5%A4%9A%E6%A0%BC%E5%B1%80%E6%9C%AA%E8%AE%8A-%E9%81%B8%E8%82%A1%E9%A6%96%E9%87%8D2%E9%9D%A2%E5%90%91-013300480.html,"美國股市昨日(30)在經濟數據不佳下漲跌互現，所幸盤後蘋果、谷歌公布財報亮眼，拉動美股期貨盤回升，不過在台積電壓力下，台股今(31日)開盤開低，跌點約在50幾點。匯市方面，台幣續強，以升值4.1分開出，隨後一度強升2.36角至29.285元。

焦點股中，昨日台積電ADR下跌，台積電跌幅約逾1%；聯電、聯發科也同樣開低；蘋果營收公布亮眼，鴻海、大立光上漲有所表現；營收亮眼股、TPK飆漲停、光寶科也有不錯漲幅。

友達法說表示第三季大面板可望價量齊揚，今也以紅盤反應，回到票面價。生技股杏國、中天、合一再登漲停，杏輝漲幅5%。
&nbsp;
分析師馬紀強提到，針對目前來看，整體可以分兩個層面來看，一個是做指數還是個股，從蘋果去看相關供應鏈，舊機賣得好，對新機延後是有關連性的，但不認為會有負面效應，畢竟還是會推出，成長力道還是可追蹤。其次，美股費半、那指再創新高，儘管KD出現背離股價還是續漲，顯示多頭氣勢強勁，回到台股觀察，萬三當天雖然爆出3千多億大量，指標也出現背離，但後續也沒有大跌，顯見台股多頭還是很有力，還會等待再攻。
&nbsp;
林信富分析師則表示，台股近期規律是高檔震盪，大盤只要過高就會拉回，用台積電拉到萬三就是漲太快，乖離率10%就會過大，但中多格局沒有改變，但選股變難，例如生技連跌幾天後，利多又漲停，這種股票有點像買樂透，就是兩種情況，中或不中，除非你心臟過大，否則不要買進，心理壓力過大。現階段就是反映「第二季財報佳」，與「產業後市趨勢優異」個股。
&nbsp;
（封面圖／東森新聞）
更多東森財經新聞報導
<a href=""https://fnc.ebc.net.tw/FncNews/stock/122996?from=yahooFNC"" target=""_blank"" rel=""nofollow noopener"">證交所許璋瑤：半導體H1成長23.6% 台股並非「無基之彈」</a>
<a href=""https://fnc.ebc.net.tw/FncNews/business/122981?from=yahooFNC"" target=""_blank"" rel=""nofollow noopener"">壽險業荷包滿滿 投資台股市值突破1.6兆 創新高</a>
<a href=""https://fnc.ebc.net.tw/FncNews/stock/122974?from=yahooFNC"" target=""_blank"" rel=""nofollow noopener"">英特爾工程長被炒 台積電恐因此掉槍？ 分析師：近期壓力比較大</a>",東森財經,2020-07-31T01:33:00.000Z,台幣續升 台股回檔 分析師：中多格局未變 選股首重2面向
5f23737ce5472784c1b1468b,https://tw.stock.yahoo.com/news/%E7%99%BC%E6%96%87%E6%82%BC%E5%BF%B5%E6%9D%8E%E7%99%BB%E8%BC%9D-%E8%AC%9D%E9%87%91%E6%B2%B3%E5%98%86-%E4%BB%96%E6%98%AF%E5%8F%B0%E7%81%A3%E7%9A%84%E8%AD%B7%E5%9C%8B%E7%A5%9E%E5%B1%B1-011600676.html,"前總統李登輝昨（30）日晚間病逝於台北榮民總醫院，享耆壽98歲。財信傳媒董事長謝金河在臉書發文表示，李登輝有一段時間對半導體產業非常狂熱，是第一個把台積電封為台灣護國神山的人，「而李先生在我的心目中，更是守護台灣的另一座護國神山！」

謝金河在文中寫道，李登輝總統於昨（30）晚7點24分拔管，走完人生最後一段路，令人無限感傷，蔡總統、賴副總統相繼到醫院探視，已讓人感覺不尋常。「今晚李先生與國人告別，一代巨人辭世，令人不捨。這些年，我是第一個把台積電封為台灣『護國神山』的人，其實最早的源頭是李前總統。」

謝金河說，他留下了李先生親手寫的手稿，有一段時間，李前總統對半導體產業非常狂熱，他閱讀半導體的書及論文，經常讀到天亮未眠，他認為半導體產業是守護台灣的重要國防產業，而台積電會是最重要的護國神山。
&nbsp;
十幾年前的台積電還沒有今天這麼大的氣候，但李前總統已認定半導體是守護台灣最重要的產業。謝金河憶起，「有一次他找我到翠山莊去談物聯網(IOT)，他把IOT視為是第四次的產業革命，第一次是蒸氣，第二次是電氣，第三次是電腦，這次是IOT，他認為這是台灣的強項，台灣要用舉國之力來發展。在這個大趨勢下，未來所有產業都會走上服務化，最適化及客製化的道路。」
&nbsp;
謝金河說，「李前總統生肖屬狗，大我三輪，我和他身高相若，生辰也相當，冥冥中有一些情緣。這些年來，他總是像嚴格的師傅督促著我。他說每個禮拜都會收看數字台灣的節目，看到有興趣的，或是與他看法不一樣的，他有時會找我到翠山莊考問。通常他都很開門見山，例如，有一段時間，新台幣升貶，大家吵成一團，他開頭就問，新台幣，你認為多少才合理？他對台灣的產業發展有很多想法。最令人敬佩的是，李前總統的閱讀，他告訴我，他看過的書放在書架上的什麼位子？他都知道！他說有一次，他要送給日本代表一本書，他要總管李武男在第幾層書架，第幾本書？這個功夫真的很厲害！」
&nbsp;
謝金河表示，李先生在政治上的功過，留給後人來評斷，但他愛台灣的心無庸置疑，他認為，台灣二千三百萬人自己決定自己的命運。我也想到，當年是台大經濟系學生的邱永漢先生，他以血氣之勇，跑到香港寫了一封信寄給聯合國，要求台灣的命運由人民自決，結果變成通緝犯。
&nbsp;
這些年，台灣在追求民主化的道路上努力不懈，李先生也是奠基者之一。謝金河說：「在我的心目中，李前總統是守護台灣的另一座護國神山！」
&nbsp;
（封面合成示意圖／翻攝自謝金河臉書／維基百科）
更多東森財經新聞報導
<a href=""https://fnc.ebc.net.tw/FncNews/headline/123017?from=yahooFNC"" target=""_blank"" rel=""nofollow noopener"">李登輝逝世 蔡英文不捨哀悼：國家莫大損失</a>
<a href=""https://fnc.ebc.net.tw/FncNews/headline/123016?from=yahooFNC"" target=""_blank"" rel=""nofollow noopener"">放下恩怨！李登輝病逝「新台灣人」馬英九不捨回應</a>
<a href=""https://fnc.ebc.net.tw/FncNews/headline/123015?from=yahooFNC"" target=""_blank"" rel=""nofollow noopener"">前總統李登輝病逝 柯文哲PO合照悼念：時代的英雄</a>",東森財經,2020-07-31T01:16:00.000Z,發文悼念李登輝 謝金河嘆：他是台灣的護國神山！
5f24ccf2e5472784c1cc7985,https://tw.stock.yahoo.com/news/%E5%8F%B0%E7%A9%8D%E9%9B%BBadr31%E6%97%A5%E4%B8%8B%E8%B7%8C1-04%E7%BE%8E%E5%85%83%E8%B7%8C%E5%B9%851-30-%E6%8A%98%E5%8F%B0%E8%82%A1465-48%E5%85%83-014721653.html,"(中央社台北2020年 8月 1日電)台積電在NYSE掛牌 ADR以 78.89美元作收，下跌1.04美元，跌幅 1.30%。
由於每單位台積電 ADR相當於台股 5股台積電普通股，以 7月31日新台幣匯市收盤價29.502元計算，相當台股台積電每股為465.48元。
最近10個交易日行情如下：",中央社,2020-08-01T01:47:21.000Z,台積電ADR31日下跌1.04美元跌幅1.30%折台股465.48元
5f269649606dda4f107a3ed5,https://tw.stock.yahoo.com/news/%E5%90%84%E5%A0%B1%E8%A6%81%E8%81%9E-%E5%8F%B0%E8%82%A1%E5%9F%BA%E9%87%91top-10-%E7%B8%BE%E6%95%88%E8%A1%9D%E9%80%BE%E4%B8%83%E6%88%90-010346006.html,"【時報-各報要聞】台股從3月23日低點反彈至7月底刷新歷史高點，加權指數上漲43％，同一期間，超過八成的台股基金表現都打敗大盤，前十名台股基金報酬率至少七成，表現最好者甚至交出九成以上的報酬率，值得注意的是，這些強勢基金持股多以中型電子股為主，非靠重押護國神山台積電仍可創造傲人績效。
據統計，3月低點以來至創下歷史新高，此時期超過八成台股基金表現勝過大盤漲勢，但也有部分高股息、傳產為主的台股基金表現，明顯落後大盤。不過，表現最佳的前十強台股基金報酬率頗受矚目，都在七成以上，表現最佳的野村、富邦投信旗下台股基金，因選股精準，最高報酬率達93％，創造比大盤高出一倍的報酬率。
檢視野村和富邦投信旗下表現最佳的台股基金持股，可發現，至6月底止前三大持股，都非近年來漲勢驚人的台積電，且台積電持股比重都不到4％，排名在五大持股之外。致勝的關鍵在於基金選股靈活，較早掌握各產業優勢，例如世芯-KY、南電、美利達，是績效居冠的野村優質基金前三大持股，績效高達80％的富邦科技，則以祥碩、欣興、譜瑞-KY為前三大持股，台積電持股排名第七，僅3.88％。
台股創新高後，投信法人開始進行持股調整，但整體而言，法人仍看好台股在科技產業領先優勢下的多頭發展，將短線波段賣壓視為正常表現。
安聯台灣科技基金經理人廖哲宏表示，今年全球流動性大增，美歐日央行資產大增6.4兆美元，相較於金融海嘯時增加1到2兆美元的規模，威力可以想見，加上外資迄今回補台股速度相對緩慢，累計至今仍賣超5,000多億元。題材面上，近期國內外重要企業法說會可看出以下幾個意涵：首先，國際IDM大廠開始轉單全球晶圓代工龍頭廠，國內相關半導體晶圓代工、材料、IC設計受惠頗多，趨勢可望持續數年。
群益奧斯卡基金經理人朱翡勵也說，台股除政策加持之外，科技題材的優勢和競爭力，有望持續吸引資金配置，惟市場在短線急漲之下，操作上建議採雙龍頭策略，找尋短中長期趨勢類股，並防範大盤拉回修正。
短期在配置上可留意解封消費概念股、電子業旺季5G相關新機概念股，中期可留意去中化及去美化電子供應鏈板塊移動概念股，長期而言，包括AI、5G、電動車、物聯網、HPC等成長趨勢佳的類股，都值得關注。（新聞來源：工商時報─陳欣文／台北報導）",時報資訊,2020-08-02T01:03:46.000Z,《各報要聞》台股基金Top 10 績效衝逾七成
5f2779f5606dda4f10fd364c,https://tw.stock.yahoo.com/news/%E5%9C%8B%E9%9A%9B%E7%94%A2%E6%A5%AD-%E8%8B%B1%E7%89%B9%E7%88%BE7%E5%A5%88%E7%B1%B3%E6%91%94%E8%B7%A4amd%E7%8B%82%E4%B8%8B%E5%96%AE-%E5%B0%87%E8%B6%85%E8%BB%8A%E8%98%8B%E6%9E%9C%E6%88%90%E5%8F%B0%E7%A9%8D%E9%9B%BB%E6%9C%80%E5%A4%A7%E5%AE%A2%E6%88%B6-023543704.html,"【時報-台北電】美國處理器大廠英特爾在7奈米製程卡關，導致在PC處理器的競爭對手AMD有機會繼續擴大市占率，有供應鏈消息指稱，AMD將繼續追單全球晶圓代工龍頭台積電，甚至在明年有機會超越美國智慧機龍頭蘋果，成為台積電第一大客戶。
AMD在2019年7月推出採用Zen 2架構、台積電7奈米製程的Ryzen 3000處理器，獲得市場熱烈迴響，並成功動搖英特爾獨占多年處理器市場，據調研機構數據顯示，AMD截至今年Q2，市占率達17%。AMD在2014年由蘇姿丰接任CEO後，主打高效能運算(HPC)獲得成效，短短6年內，AMD從一家搖搖欲墜的老牌半導體廠商，變成足以影響英特爾市占率的處理器廠商。
根據先前AMD簡報顯示，下一代將推出的Ryzen 4000系列處理器將採用7奈米製程，市場傳聞Zen 3 處理器將採用台積電5奈米製程，也被AMD證實仍採用台積電7奈米製程，要從7奈米全面轉至5奈米製程，要等到 Zen 4 架構 CPU，也就是說2022年，市場才會見到5奈米製程的AMD處理器。
然而，隨著英特爾7奈米製程研發受阻，英特爾也透露會將部分晶圓代工業務外包，市場預期將由台積電、三星電子分食訂單，使得英特爾可以暫時在推出處理器沒有生產晶片技術落後的壓力。
據《科技新報》報導，供應鏈消息顯示，AMD在7奈米、5奈米製程的投片量將翻倍，甚至在Q2投片量就會超越蘋果，成為台積電第一大客戶，這也補足在失去華為訂單之後的產能空缺。此外，AMD伺服器處理器 EPYC也有重大突破，明年委由台積電先進製程代工生產的投片量，已經來到20萬片，讓AMD對在處理器市占率有機會達到2成，甚至朝3字頭前進。(新聞來源：中時新聞網 呂承哲)",時報資訊,2020-08-03T02:35:43.000Z,《國際產業》英特爾7奈米摔跤AMD狂下單 將超車蘋果成台積電最大客戶
5f2753cc606dda4f10c1b55b,https://tw.stock.yahoo.com/news/%E7%A7%91%E6%8A%80-%E5%85%A8%E7%90%83%E5%8D%8A%E5%B0%8E%E9%AB%94%E4%BC%81%E6%A5%AD%E7%AC%AC-%E5%AE%B6-%E5%8F%B0%E7%A9%8D%E9%9B%BB%E5%8A%A0%E5%85%A5re100-234558841.html,"【時報-台北電】台積電（2330）在最新一期社會責任電子報中宣布成為全球第一家加入全球再生能源倡議組識（RE100）的半導體企業，台積電承諾100％使用再生能源，同時持續擴大綠電使用率，累計簽署總裝置容量已達1.2GW再生能源合約。
台積電董事長暨企業社會責任執行委員會主席劉德音表示，企業在追求成長的同時亦應積極落實環境友善作為。台積電以實際行動推動綠色製造，降低氣候變遷的衝擊，並承諾於2050年底之前，全球據點將100％使用再生能源。身為全球第一家加入RE100的半導體企業，台積電期望號召產業共同推動環境永續，並呼應聯合國永續發展目標，為解決人類面臨的嚴峻挑戰攜手努力。
台積電以企業成長與環境共榮為願景，繼海外據點全部使用再生能源，持續擴大國內再生能源使用率，以「全公司生產廠房25％用電量為再生能源、非生產廠房100％用電量為再生能源」為2030年永續目標，截至今年7月已完成1.2GW再生能源購置契約簽訂。 台積電於2015～2017年間參與經濟部自願性綠色電價認購計畫，累計認購4億度綠電，連續3年為國內最大綠電購買者。2017年電業法修正後開放再生能源直供與轉供給用電戶，台積電隨即成立再生能源專案小組，開始與國內再生能源業者洽購綠電。
台積電於今年5月達成台灣首批再生能源轉供，由嘉義鹽灘地太陽光電廠產出的再生能源電力正式送抵台積電，同時亦持續簽署包括離岸風電與陸域風電的長期電力採購合約，截至7月已完成簽約的再生能源總裝置容量達1.2GW，每年約當減少218.9萬公噸碳排放量，朝全公司100％使用再生能源的永續目標穩健邁進。(新聞來源：工商時報─涂志豪／台北報導)",時報資訊,2020-08-02T23:45:58.000Z,《科技》全球半導體企業第一家 台積電加入RE100
5f27ed37606dda4f108e9509,https://tw.stock.yahoo.com/news/%E7%A7%91%E6%8A%80-%E5%B0%8E%E5%85%A5%E4%B9%BE%E5%BC%8Feuv%E5%85%89%E7%BD%A9%E6%BD%94%E6%B7%A8%E6%8A%80%E8%A1%93-%E5%8F%B0%E7%A9%8D%E9%9B%BB%E5%85%A9%E5%B9%B4%E7%AF%80%E8%83%BD20%E5%84%84%E5%85%83-234558846.html,"【時報-台北電】台積電在最新一期社會責任電子報發布最新極紫外光（EUV）技術。台積電首創「乾式EUV光罩潔淨技術」，可減省735公噸高純水，減省36公噸化學品，同時提升80％的EUV光罩使用率，累計創造新台幣20億元改善效益。
台積電為達優質的EUV微影良率並實踐綠色製造使命，首創環境友善的「乾式EUV光罩潔淨技術」取代傳統的沖洗流程，透過分析落塵、排除汙染源的方式，成功使機台內每一萬片晶圓曝片的落塵數從數百顆減少到個位顆數，落塵率削減99％；導入試產迄今累計節水量約735公噸，降低化學品使用量約36公噸。
台積電表示，依製程的需求，EUV微影製程光罩分為有／無保護膜二種。台積電選用無保護膜的EUV光罩以提高透光性，減少EUV微影製程曝光光能損耗；為進一步解決無保護膜EUV光罩的落塵問題，台積電品質暨可靠性組織攜手技術發展、營運組織，2018年起共同開發落塵分析技術。
台積電藉由乾式EUV光罩潔淨技術的創新，不僅達成利用EUV微影製程技術領先量產的目標，同時資源使用效率亦進一步提升，自2018年導入試產迄今，除有效減省水、化學品等能資源使用量之外，依據生產週期控管系統顯示，乾式潔淨技術導入後大幅縮短光罩保修頻率與時間，除使光罩使用率躍升超過80％，亦延長先進製程EUV光罩壽命，累計創造的改善效益達新台幣20億元。
台積電去年進一步發展乾式EUV光罩潔淨技術自動化，已於今年1月全面導入12吋晶圓廠區量產。台積電已於Fab 12B廠、Fab 15B廠、Fab 18廠自動化系統導入量產，優化乾式EUV光罩技術可分析與清潔小於50奈米落塵。(新聞來源：工商時報─涂志豪／台北報導)",時報資訊,2020-08-02T23:45:58.000Z,《科技》導入乾式EUV光罩潔淨技術 台積電兩年節能20億元
5f296ed9606dda4f10f7e838,https://tw.stock.yahoo.com/news/%E5%82%B3%E4%B8%89%E6%98%9F5%E5%A5%88%E7%B1%B3%E8%A3%BD%E7%A8%8B%E6%9C%89%E8%AE%8A%E6%95%B8-%E6%B3%95%E4%BA%BA%E4%BC%B0%E5%8F%B0%E7%A9%8D%E9%9B%BB%E5%8F%97%E6%83%A0%E8%BD%89%E5%96%AE-140027433.html,"（中央社記者鍾榮峰台北2020年8月4日電）市場傳出韓國三星（Samsung）5奈米製程技術產生變數，法人預期台積電 (2330) 有機會受惠美系手機晶片大廠轉單效益。
台積電今天走勢堅挺，終場收在425.5元，上漲2.28%，成交量超過4.1萬張。外資法人今天轉買超台積電1萬534張，終結連5個交易日賣超台積電。
台積電今年7奈米與5奈米先進製程需求強勁，除車用電子平台外，其餘包括智慧型手機、高效能運算、物聯網與消費性電子平台都可望同步成長。
在先進製程規劃，台積電預期5奈米製程下半年強勁成長，全年將貢獻8%業績。4奈米是5奈米世代製程技術，預計2022年量產；3奈米製程開發符合進度，將在2022年下半年量產。
從客戶端來看，台積電協助客戶超微（AMD）得以趁英特爾（Intel）先進製程進展不順時瓜分市場。台積電已獲蘋果（Apple）、超微、輝達（NVIDIA）、高通（Qualcomm）與聯發科等大廠青睞下單，掌握5G與高效能運算高成長商機。
法人並預期，台積電有機會獲英特爾（Intel）委外代工訂單，在半導體業地位更加重要。
台積電先前預期第3季營運展望樂觀，季營收將季增9.3%，並調高今年營收成長預估，將成長超過2成，資本支出也調高到160億至170億美元。
日本媒體先前報導，台積電在5G通訊技術市場戰儘管面臨勁敵三星的嚴肅挑戰，但台積電靠創辦人張忠謀奠定的優異財務和業務策略，料將維持領先地位。",中央社,2020-08-04T14:00:27.000Z,傳三星5奈米製程有變數 法人估台積電受惠轉單
5f290c6b606dda4f1092a4ff,https://tw.stock.yahoo.com/news/%E4%B8%89%E5%A4%A7%E6%B3%95%E4%BA%BA%E8%B2%B7%E8%B6%85%E5%8F%B0%E8%82%A175-44%E5%84%84%E5%85%83-070655851.html,"（中央社台北2020年8月4日電）台股今天漲196.89點，收在12709.92點，成交值新台幣2115.11億元。三大法人同步買超，合計買超新台幣75.44億元。
自營商買超12.64億元，投信買超8.12億元，外資及陸資買超54.68億元。
國泰證期顧問處協理簡伯儀表示，台積電今天走勢相對平緩，由其他股票帶動，市場氣氛樂觀，收盤收復5日均線，意味著多頭行情持續。",中央社,2020-08-04T07:06:55.000Z,三大法人買超台股75.44億元
5f28e6e8606dda4f105dc149,https://tw.stock.yahoo.com/news/%E5%8F%B0%E7%A9%8D%E9%9B%BB%E6%8B%89%E5%9B%9E%E6%89%BE%E8%B2%B7%E9%BB%9E-%E4%BB%96%E6%8F%AD8%E6%9C%884%E7%A8%AE%E5%B8%83%E5%B1%80%E6%99%82%E6%A9%9F-041200159.html,"台積電儘管再創高後，近幾天出現整理態勢，但由於市場消息利多不斷，還是讓許多人想要進場，享受護國神山的庇蔭，因此，有網友就在PTT上發表，4種8月進場布局台積電的方法，

原PO在PTT發文表示，儘管自己提到台積電太熱現在不適合碰，但還是有許多網友手癢想要進場，有鑑於上周5天台積電走盤整格局，加上外資連五賣，火箭上升趨勢有漸漸緩和跡象，於是針對資金大小，分享4種8月分批布局台積電的方式。

第一、對口袋資金有450萬可以買10張台積電的人來說，原PO認為可以分成3-5等分，如果台積電收在5日線至10日線間，可以先買1-2張；接下來有收在10日線到20日線，可以在買2-3張；如果破到20日線沒有往下跌，就在進2-3張。不過如果台積電都沒有跌破10日線的話，則可以再放入1-3張的台積電。
&nbsp;
第二、口袋資金有150萬可以買3張台積電的人，原PO表示，一樣可以把3張分別放在5日、10日、20日區間投入，以攤平成本。
&nbsp;
第三、口袋資金只能買1張的人，就必須沉住氣，等台積電蹦到20日線回升，或是在10日和20日間盤整一段時間後再進場。
&nbsp;
第四、口袋資金有10萬想進場的人，原PO則是直言，「別傻了你買不起台積電。」他建議可以靜靜觀察，因為不代表現在買不起以後也買不起，可以為未來做準備。
&nbsp;
該文也引起熱烈回應，大家紛表示，「感謝分享，我忘了是股版的哪位先進提過，持股部位以大，但要分批佈局！」、「沒有零股這選項嗎」、「你發現股票的祕密了， 低買高賣」、「 買台積電的方法其實只有一種，買進並持有抱緊。」、「第四種沒人權QQ」、「只有十萬的 買00850吧」。
&nbsp;
（封面圖／東森新聞）
更多東森財經新聞報導
<a href=""https://fnc.ebc.net.tw/FncNews/stock/123157?from=yahooFNC"" target=""_blank"" rel=""nofollow noopener"">聯電創16年高 壓回有驚無險？ 天國一輝解禁 生技重返榮耀？</a>
<a href=""https://fnc.ebc.net.tw/FncNews/stock/123149?from=yahooFNC"" target=""_blank"" rel=""nofollow noopener"">「雙聯一積」開高震盪 台股回測12600 分析師：健康輪動完美格局</a>
<a href=""https://fnc.ebc.net.tw/FncNews/stock/123142?from=yahooFNC"" target=""_blank"" rel=""nofollow noopener"">二哥又發飆了！聯電ADR大漲14% 試撮逼近漲停</a>",東森財經,2020-08-04T04:12:00.000Z,台積電拉回找買點？ 他揭8月4種布局時機
5f28c3bf606dda4f10297884,https://tw.stock.yahoo.com/news/%E9%9B%99%E8%81%AF-%E7%A9%8D-%E9%96%8B%E9%AB%98%E9%9C%87%E7%9B%AA-%E5%8F%B0%E8%82%A1%E5%9B%9E%E6%B8%AC12600-%E5%88%86%E6%9E%90%E5%B8%AB-015100149.html,"蘋果、微軟等科技公司表現優異，推升美股昨日(3)表現、那斯達科指數再創新高，台股今日(4)一甩頹勢，「雙聯一積」開高，大盤漲逾百點，不過開盤15分鐘後，台積電下壓台股回測12600點。匯市方面，台幣開升0.1分，隨後最高來到29.36元。

個股上，晶圓雙雄全面上漲，台積電漲逾1%、聯電開高後出現回檔、漲幅收斂；聯發科漲幅也有1%以上，大立光、鴻海同樣開紅。

低價銅板股也有表現，力麗傳獲蘋果大單，飆上漲停；彩晶也有庫藏股題材、也衝上漲停；矽統漲2%左右。生技股出現兩樣情，台康生傳出參與新冠疫苗開發股價又衝漲停，中天解除關緊閉，股價震盪；合一、杏輝、杏國則是下跌。
&nbsp;
對於外資昨日大賣3百多億，是否代表台股危機來了，分析師邱鼎泰認為，台積電現階段任務達成，台積電漲完再漲聯電，現在是一個輪動架構，不用太早預設立場，你看如果聯電漲完又整理，再輪到台積電，不就是一個很完美的狀態，費半、那斯達克都在創新高，就是完美的輪動格局，但也不用追高。
&nbsp;
封開平提到，外資賣超3百多億，上次是在5/4號時，結果大盤後來就一直上去，有人說台積電會不會拖累台股，台積電在做整理時，把資金釋放出來，盤面輪動結構才是最重要的，選股要找有「基」的中小型股。
&nbsp;
涂敏峰則表示，ADR會影響到台股走勢，量價不會同時到頂，聯電今天把缺口封閉，是好事；同理可證，台積電量價也不會同時到頂，都還有上攻可能。
&nbsp;
（封面圖／東森新聞）
更多東森財經新聞報導
<a href=""https://fnc.ebc.net.tw/FncNews/stock/123142?from=yahooFNC"" target=""_blank"" rel=""nofollow noopener"">二哥又發飆了！聯電ADR大漲14% 試撮逼近漲停</a>
<a href=""https://fnc.ebc.net.tw/FncNews/stock/123135?from=yahooFNC"" target=""_blank"" rel=""nofollow noopener"">台股回測10日線 三大法人大賣307億 分析師曝明日關鍵</a>
<a href=""https://fnc.ebc.net.tw/FncNews/business/123129?from=yahooFNC"" target=""_blank"" rel=""nofollow noopener"">不愧是護國神山！ 台積電營所稅貢獻300億 蟬聯全國冠軍</a>",東森財經,2020-08-04T01:51:00.000Z,「雙聯一積」開高震盪 台股回測12600 分析師：健康輪動完美格局
5f289289606dda4f10eebc22,https://tw.stock.yahoo.com/news/%E5%8F%B0%E7%A9%8D%E9%9B%BBadr3%E6%97%A5%E4%B8%8A%E6%BC%B20-06%E7%BE%8E%E5%85%83%E6%BC%B2%E5%B9%850-08-%E6%8A%98%E5%8F%B0%E8%82%A1466-29%E5%85%83-222338896.html,"(中央社台北2020年 8月 4日電)台積電在NYSE掛牌 ADR以 78.95美元作收，上漲0.06美元，漲幅 0.08%。
由於每單位台積電 ADR相當於台股 5股台積電普通股，以 8月 3日新台幣匯市收盤價29.531元計算，相當台股台積電每股為466.29元。
最近10個交易日行情如下：",中央社,2020-08-03T22:23:38.000Z,台積電ADR3日上漲0.06美元漲幅0.08%折台股466.29元
